Index,Content,Label
1,"Campania electorală a început cu scandal la Timișoara: Ce a pățit primarul Dominic Fritz când lipea afișe /
Cu scandal și îmbrânceli, așa a început campania electorală, la Timișoara. Primarul în funcție a reușit cu greu să-și lipească afișele printre huiduielile susținătorilor AUR.
”Locul României este în Europa şi pentru asta avem nevoie de o forţă politică care să ne reprezinte cu cinste.",Negative
2,"Liberalii îi avertizează pe clujeni în privința lui Sărmaș (fost PNL), candidat la Primăria Cluj: ‘Minte cum îngheață apele’
Sabin Sărmaș(fost PNL-foto), candidat independent acum la PrimăriaCluj-Napoca, a declarat recent despre primarul ClujuluiEmil Boc(PNL), pe care îl contracandidează, că este „tot mai iritat” şi că ar numi acest comportament „sindromul dictatorului bătrân”, pentru că se află în poziţia de primar de 20 de ani şi mai vrea un mandat de patru ani (poziția lui Sărmaș,pe larg aici). Liberalii clujeni susțin însă că Sărmaș abia acum își arată adevărata față și îl acuză de minciună și oportunism: „un oportunist”, „demonstrează o lipsă de caracter”, „nu l-a văzut nici han-tătar prin Cluj”, „minte cum îngheață apele”, „un plagiator”, „partidele mai au și rebuturi” – sunt doar câteva din concluziile liderului PNL Cluj, europarlamentarulDaniel Buda, dar și a președintelui PNL Cluj-Napoca, viceprimarulDan Tarcea, când îl caracterizează pe fostul lor coleg liberal Sabin Sărmaș.
„Sabin Sărmaș s-a demonstrat de-a lungul timpul a fi un oportunist, care a profitat arzând unele etape în ceea ce înseamnă avansarea domniei sale în cariera politică. Dacă mă gândesc puțin, a ajuns consilier local arzând niște etape, nu era cel care să se fi validat de-a lungul timpului ca fiind un performer”, a declarat Daniel Buda pentru STIRIPESURSE.RO.",Negative
3,"Pe cifre - Gabriela Firea vs. Nicușor Dan
1. TRANSPORT PUBLIC
Gabriela Firea",Negative
4,"Primul VIRAL de campanie: ce candidat a spart gheața în prima zi?
10 mai marchează deschiderea oficială a campaniei electorale pentrualegerile localeși europarlamentare. După câteva luni în carecandidații tuturor partidelornu au avut restricții în comunicarea publică, regulile aplicabile până pe 8 iunie ora 7, când se încheie cele 30 de zile ale campaniei electorale, sunt mult mai severe.
Ca și în cazul anunțării candidaturii, primul care și-a publicat pe rețelele sociale facebook și tiktok, unde însumează aproape 2 milioane de urmăritori, un video de promovare care înregistrează recorduri de audiență, este primarul Sectorului 5.Cristian Popescu Piedone, candidatulPUSLpentru Capitală, a transmis un mesaj de mobilizare și îndemn la vot, în care continuă tema separării politicii de administrația locală.",Negative
5,"Mesajul BEC la debutul oficial al campaniei electorale
REGLEMENTĂRI PRIVIND ACŢIUNILE ELECTORALE
Campania electoralăpentru alegerile locale şi europarlamentare din data de 9 iunie începe vineri şi se încheiei în 8 iunie, la ora 7.00. Campania în audiovizual de va încheia în 7 iunie, la ora 7.00. Biroul Electoral Central recomandă competitorilor electorali să aibă un discurs echilibrat şi onest şi să evite denaturarea sau manipularea informaţiilor.",Negative
6,"A rămas definitiv - Cine sunt candidații la primăriile din București - Lista integrală
Pentru funcţia de edil general al Bucureştiului intră în cursă pe data de 9 iunie:
Candidaturile depuse la Birourile de Circumscripţie au rămas definitive miercuri seara.",Negative
7,"Tot ce trebuie să știi despre alegerile europarlamentare 2024. Este un puzzle cu 27 de piese - Ce alege România, cât câștigă un europarlamentar
DATELE ALEGERILOR
La începutul lunii iunie, cetăţenii UE îi aleg pe cei 720 de legislatori care vor formaParlamentul Europeanpână în 2029. Alegerile pentru Parlamentul European sunt, conform propriilor cuvinte ale instituţiei, cele mai ample alegeri transnaţionale din lume. Dar, la o privire mai atentă, sunt de apt o colecţie de 27 de alegeri diferite - pe care diferitele ţări le organizează în maniere foarte diferite.",Negative
8,"Ministrul Muncii s-a întâlnit cu omologul său spanion: Măsurile decise vizează toți românii care muncesc în Spania
Ministrul Muncii şi Solidarităţii Sociale,Simona Bucura-Oprescu,cu omoloafa sa din Spania Yolanda Diaz Perez, joi la Madrid. Principalele teme de discuţie vizând cooperarea în domeniul economiei sociale, în domeniul ocupării şi Inspecţiei Muncii, dar şi acordarea dublei cetăţenii pentru românii din Spania.
Cei doi oficiali au agreat, la solicitarea ministrului Simona Bucura-Oprescu, completarea Memorandumului de înţelegere privind cooperarea dintre cele două ministere semnat în noiembrie 2022 în domeniul economiei sociale, arată comunicatul de presă al Ministerului Muncii.",Negative
9,"Eugen Tomac: Dreapta Unită începe să devină o stare de spirit
Preşedintele PMP,Eugen Tomac, a declarat joi seara, la Timişoara, căDreapta Unităa început să devină ""o stare de spirit"", modelul politic care îi sperie pe cei care ""guvernează prin minciună"" şi prin instrumente cu ajutorul cărora ""şantajează primarii"" Dreptei Unite, relatează agerpres.
""Dreapta Unită începe să devină o stare de spirit, acel model politic care îi bagă în sperieţi pe cei care guvernează prin minciună, prin instrumentele pe care le utilizează pentru a ne şantaja primarii, pentru a ne face dosare, pentru a ne racola aleşii locali, pentru a arăta că ei doar prin aceste apucături comuniste pot să se menţină la putere. 9 iunie este ziua în care vom putea să ne luăm revanşa. Şi trebuie să le spunem românilor că dacă vor ca partidul unic să plece acasă, pe 9 iunie trebuie să susţină Dreapta Unită. Dacă vor să îl lăsăm pe 9 iunie pe Iohannis fără acel palat de faraon din Bucureşti să iasă să voteze cu Dreapta Unită"", a susţinut Eugen Tomac, în cadrul unui miting dedicat Zilei Europei.",Negative
10,"Cătălin Drulă: Iohannis a trădat voturile românilor dând guvernarea către PSD
Preşedintele USR,Cătălin Drulă, a declarat, joi, la Timişoara, că şeful statului,Klaus Iohannis, ""a trădat"" voturile românilor care l-au ales, în urmă cu zece ani, dând guvernarea cătrePSDşi lui Marcel Ciolacu iar acum oamenii sunt dezamăgiţi.
""Iohannis a trădat acele voturi şi a dat guvernarea către PSD şi lui Ciolacu, aşa că oamenii sunt dezamăgiţi, pentru că PNL şi PSD i-au minţit, s-au aliat la guvernare, au promis stabilitate şi dezvoltare şi ce au dat? Taxe mai mari, corupţie, scumpiri şi nesiguranţă. Vreau să mergem în campanie şi să le spuneţi oamenilor cu încredere că nu-i vom lăsa să ne fure viitorul. România poate fi guvernată bine. Când am fost la guvernare, am făcut PNRR, cel mai mare program de modernizare a ţării de după 1989. Sunt 28 de miliarde de euro pentru şcoli, spitale, autostrăzi, căi ferate, investiţii cu banii alocaţi pentru fiecare. PNRR este şansa noastră să prindem din urmă statele din vest. Este adevăratul plan de ţară şi a fost creat de USR"", a afirmat Cătălin Drulă la un miting dedicat Zilei Europei.",Positive
11,"Nicuşor Dan: Primăria Capitalei are cam 5.000 de procese noi pe an. Printre ele, litigii cu mize de zeci de milioane de euro
Primarul general al Capitalei, Nicuşor Dan, afirmă că Primăria se confruntă cu aproximativ 5.000 de noi procese în instanţă anual, el estimând că municipalitatea este implicată, în prezent, într-un număr de procese cuprins între 10.000 şi 15.000. Edilul arată că unele dintre procese au ”mize uriaşe”. Dan vorbeşte şi despre costurile acestor demersuri făcute în instanţele de judecată, scrie News.ro.
”(Primăria Capitalei - n.r.) are cam 5.000 de procese noi pe an, pe diferite teme: pe dreptul proprietăţii, pe amenzi pe care le dă Poliţia Locală, pe aşa-numitele uzucapiuni, pe fel de fel de teme. Aş zice că dacă sunt 5.000 de procese noi pe an, probabil că pe rol sunt între 10 şi 15 mii”, a afirmat Nicuşor Dan, la Antena 3, joi seară, conform News.ro.",Positive
12,"Kelemen Hunor: Ne asumăm răspunderea pentru fiecare maghiar; 9 iunie decide cum va arăta următorul deceniu
Preşedintele UDMR,Kelemen Hunor, a declarat joi seara, la Odorheiu Secuiesc, la un eveniment de lansare a campaniei electorale, că formaţiunea pe care o reprezintă şi-a asumat răspunderea pentru fiecare maghiar, punctând faptul că alegerile din 9 iunie vor decide cum va arăta următorul deceniu, scrie Agerpres.
""În iunie vor avea loc două alegeri, alegeri locale şi europarlamentare. Dar miza alegerilor din iunie este mult mai mare decât una sau alta şi este mult mai mare şi decât cele două puse laolaltă. 9 iunie defineşte alegerile din decembrie, 9 iunie decide cum va arăta următorul deceniu. Suntem aici, dragi prieteni, pentru că ne-am asumat răspunderea pentru comunitatea noastră. Ne-am asumat răspunderea pentru maghiarii din Transilvania, pentru comunitatea maghiară din Transilvania, ne-am asumat răspunderea pentru fiecare maghiar, indiferent în ce regiune a României trăieşte"", a afirmat Kelemen, potrivit traducerii oficiale.",Negative
13,"Ludovic Orban: Din păcate, astăzi în România nu este o democraţie autentică/ Dreapta Unită e doar nucleul
Preşedintele Forţa Dreptei,Ludovic Orban, a vorbit despre libertate, dar şi despre o democraţie autentică, în discursul susţinut la mitingul de la Timişoara al Alianţei Dreapta Unită. El a afirmat că Revoluţia de la Timişoara nu a învins pe deplin. ”Dreapta Unită e doar nucleul în jurul căruia se vor coagula toţi oamenii care vor să trăiască liber în România, care vor o democraţie autentică, care nu mai vor jupâni să îi calce pe gât”, a susţinut el.
”Timişoara este primul oraş care a devenit liber. Timişoara şi judeţul Timişul trebuie să rămână în mod garantat libere de PSD-ism şi libere de tot ceea ce înseamnă mecanismele de control care sunt antidemocratice, care sunt folosite de cele două formaţiuni care astăzi îşi închipuie că întreaga ţară este a lor. Începem o campanie care ar fi trebuit să fie o campanie de alegere a reprezentanţilor noştri în Parlamentul European. De o lună jumate, chiar două, nu se mai vorbeşte nimic despre alegerile pentru Parlamentul European, despre ceea ce trebuie să facă reprezentanţii României în Parlamentul European. Nu se mai vorbeşte absolut nimic despre provocările pe care le avem, ca ţară, în cadrul Uniunii Europene, nimic despre cum putem noi să fructificăm mai bine oportunităţile pe care le avem ca stat membru al UE. Se vorbeşte despre locale, cine mai candidează, cine nu mai candidează, tot felul de probleme administrative, iar dezbaterea pe marile probleme europene şi mai ales dezbaterea privitoare la România şi evoluţia României ca stat membru al UE nu mai există. Sigur, există nişte panouri care sper să dispară în care ne vorbeşte Ciucă că aduce bani europeni, ca şi cum el ar aduce bani europeni. Banii europeni vin în România pentru că România e stat membru al UE. Nu aduce nici Ciucă, nici Ciolacu niciun ban european. Ei împiedică o mulţime de bani europeni să ajungă în România”, a declarat Orban, joi seară.",Positive
14,"Nicușor Dan a făcut un calcul matematic precis: Probleme cu apa caldă vor dispărea peste fix patru ani!
Primarul general al Capitalei,Nicuşor Dan, afirmă că, într-un ritm de reabilitare a reţelei principale de termoficare a Bucureştiului de 70 de kilometri de conductă principală pe an, în următorii patru ani principalele probleme în ceea ce priveşte asigurarea căldurii şi a apei calde în reţeaua centralizată din oraş vor fi rezolvate. Edilul invocă sondaje de opinie care arată că, dacă în urmă cu doi ani principala problemă reclamtă debucureşteniera căldura, acum aceasta se situează pe locul al treilea sau al patrulea.
”Da, da, se rezolvă. În administraţia precedentă a fost o medie cam de 17 kilometri pe an, noi am avut în cei trei ani - 2021, 2022, 2023 - am avut 28, 32, 50, anul ăsta o să avem 70 (de kilometri de conductă reabilitaţi – n.r.), avem 15 şantiere mari deschise, dar vorbesc numai de reţea principală, pentru că numai acolo e problemă”, a afirmat Nicuşor Dan, joi seară, la Antena 3.",Negative
15,"The Economist: Dreapta de orientare dură a României pare puternică într-un an cu patru alegeri; Partidul AUR se aşteaptă la cel mai bun rezultat al său
Nu este clar dacă majoritatea naţionaliştilor populişti cred că Europa a fost vreodată măreaţă. Dar ”Make Europe Great Again” a fost sloganul de pe şepcile de baseball purtate la o conferinţă internaţională de dreapta de orientare dură de la Bucureşti, organizată la sfârşitul lunii aprilie de Alianţa pentru Unitatea Românilor (AUR), partidul naţionalist anti-imigraţie din ţară, arată un articol publicat de revista The Economist.
Vorbitorii au denunţat ”invadarea” Europei de către musulmani şi a Americii de către migranţii ilegali. Au existat aplauze prelungite când a fost menţionat numele lui Donald Trump şi când vorbitorii au denunţat ”ideologia” homosexuală şi trans şi birocraţii ”fără Dumnezeu” din Bruxelles.",Negative
16,"Cristian Popescu Piedone, în direct, cu Budeanu în platou: O iubesc! Unde dă ea crește! Să mă tăvălească
A fost show la România TV!Cristian Popescu Piedonea intrat în direct, în mod neașteptat, în timp ce în platou se aflau Dana Budeanu și moderatorul Victor Ciutacu. După ceBudeanua comentat ironic faptul că ar vrea ca în continuare Capitala și Sectorul 1 să fie conduse de Nicușor Dan și respectiv Clotilde Armand, Popescu Piedone a intervenit!
Nu am cunoscut-o niciodată pe doamna Dana Budeanu. Dar vă spun că o iubesc. Eu am trăit în vremea în care leagănele erau ruginite, pe vremea lui Ceaușescu. Și eu doresc această pedeapsă pentru bucureșteni. Și eu doresc ca viitorul să fie al lui Nicușor Dan. Foarte multe postări ale tale m-au inspirat să vorbesc și eu. Te-aș ruga să intervii dimineața, la prânz și seara. Unde dă Dana crește! Eu Cristian Popescu Piedone o iubesc, poate să mă tăvălească dimineața, la prânz și seara, că are simțul realității, a spus Cristian Popescu Piedone în direct la România Tv.",Negative
17,"Nicușor Dan s-a dezlănțuit pe finanțele Capitalei: Doar Ceaușescu nu avea datorii
Primarul general alCapitalei,Nicuşor Dan, susţine că nu a afirmat niciodată că Primăria Municipiului Bucureşti nu are datorii, ci nu are datorii curente, care să permită creditorilor să blocheze conturile. Edilul explică faptul că gradul de îndatorare al municipiului Bucureşti este unul foarte mic, chiar de zece ori mai mic decât al altor mari oraşe europene.
”Trebuie să facem diferenţa. Eu nu am spus niciodată că Primăria Capitalei nu are datorii. Doar Ceauşescu nu a avut datorii, în rest, toată lumea are datorii şi e bine să aibă, ca să pui banii în dezvoltare. Eu am spus că Primăria Capitalei nu mai are datorii curente, adică cum erau acele 165 de milioane către firma Otokar care ne-a făcut autobuzele. (...) Eu am spus că la sfârşitul anului 2023 nu există vreo persoană fizică sau juridică care să poată să vină să (poprească conturi – n.r.), aşa cum la început de mandat erau 3 miliarde de lei”, a afirmat Nicuşor Dan, joi seară, la Antena 3.",Negative
18,"Anunț de ultimă oră pentru fermierii din România: MADR începe plata subvenției de 100 de euro
MinisterulAgriculturiiși Dezvoltării Rurale anunță că începe plata subvenției de 100 euro pentrufermieri. MADR are în vedere o suplimentare a bugetului. Plățile vor începe din 15 mai. MADR va demara în perioada următoare plata subvenției de 100 euro/hectar, ajutorul pentru sectorul vegetal pe cadrul de criză Ucraina, respectiv 100 euro/echivalent UVM pentru sectoarele suin și avicol pentru capacitatea de producție în condiții minime de bunăstare deținută de fiecare beneficiar.
Ministrul Florin Barbu a stabilit cu echipa de conducere a MADR și cu Agenția de Plăți și Intervenție pentru Agricultură (APIA) că ținta pentru a începe aceste plăți este data de 15 mai.",Positive
19,"Alianța Dreapta Unită: miting eșuat și eveniment cu sala goală la Timișoara
Campania electorală a început cu un eșec major pentruAlianța Dreapta Unită. Mitingul organizat la Timișoara, cu ocazia Zilei Europei, a fost un fiasco total, departe de ce își doreau liderii celor trei partide care fac parte din Alianță: USR, PMP și Forța Dreptei.
Sala Olimpia dinTimișoara, locul unde s-a desfășurat evenimentul, a fost pe jumătate goală, organizatorii nereușind să găsească și să aducă oameni pentru a umple amfiteatrul.",Negative
20,"Nicolae Ciucă explică alianța cu PSD: Viitorul glorios al PNL a fost prevăzut de Dinu Brătianu
Nicolae Ciucăa declarat, joi la Braşov, căPNLeste cea mai puternică forţă politică de la Braşov. Liderul liberalilor a amintit de vorbele lui Dinu Brătianu, „unul dintre cei mai vizionari lideri ai PNL”, din anul 1949 care a spus că „PNL va juca un rol mai important decât trecutul lui glorios”.
„PNL e cea mai puternică forţă politică în Braşov. Am crezut că vreţi spuneţi că dublaţi scorul pe Braşov. Asta da se poate. Vă dăm voie. Ziua de 9 mai e o zi cu dublă semnificaţie, este Ziua Europei, şi desigur este ziua în care începem campania electorală. Ziua Europei ne duce cu gândul la unul dintre cei mai vizionari lideri ai PNL, la Dinu Brătianu, care în ianuarie 1949, înainte să fi fost arestat de către regimul comunist, de altfel este arestat în 1950 şi moarea la trei-patru luni în închisoare de la Sighet. Dar în 1949 scria în felul următor: România, cea mai luminată ţară din estul Europei va juca un rol foarte important în relaţiile internaţionale economice şi politice ale Europei Unite. 1949, iar pentru ţară spunea, în plan intern, că România trebuie să chezăşuiască libertatea individuală şi iniţiativa particulară în toate domeniile. Referindu-se la Partidul Naţional Liberal a zis – PNL va juca un rol mai important decât trecutul lui glorios. Acesta este viitorul PNL prevăzut de Dinu Brătianu în 1949”, a afirmat Nicolae Ciucă, joi, la evenimentul de lansare a candidaţilor din judeţul Braşov pentru alegerile locale.",Positive
21,"George Scripcaru (PNL): Brașovul este blocat la nivelul administrației locale
George Scripcarua declarat că după o discuție avută cu liderul PNL, Nicolae Ciucă, s-a hotărât să revină în administrația publică și să candideze la Primăria Brașovului, precizând că orașul este „un dezastru”.
„Avem un dezastru, un blocaj, amatorism, 4 ani de zile de jaf din banul public, bătaie de joc la adresa brașovenilor. Domnul Ciucă m-a stârnit din starea în care eram, acum câteva luni, nici nu mă gândeam să candidez, după ce am discutat de câteva ori m-a convins că trebuie să revin în ceea ce înseamnă administrația publică locală și să candidez din parteaPNLși îi mulțumesc că m-a făcut să fac acest lucru”, a declarat Scripcaru.",Negative
22,"Marcel Ciolacu s-a întâlnit cu sute de membri PES: PSD e cel mai european partid din România
PSD e cel mai european partid din România! E mesajul clar transmis de liderul PSD, Marcel Ciolacu, după o întâlnire cu 200 de membri PES.
Partidul Social Democrat este cel mai european partid din România și singurul care are în interiorul său o structură responsabilă de dezbaterile și temele europene, transmite Marcel Ciolacu.",Negative
23,"Jill Biden i-a transmis un mesaj special lui Carmen Iohannis, după vizita la Casa Albă: Nu voi uita niciodată
„Carmen, a fost minunat să te avem laCasa Albă”, a postat soția președintelui americanJill Biden. „Carmen, a fost minunat să te avem la Casa Albă după ce, în urmă cu doi ani m-ai primit cu amabilitate în România”, a scris Jill Biden pe Facebook.
„Nu voi uita niciodată când am văzut cum tu și poporul român v-ați deschis brațele pentru refugiații care fugeau din Ucraina. A fost, și încă este, cu adevărat inspirațional”, a adăugat Prima Doamnă a Statelor Unite ale Americii.",Negative
24,"Ministrul Apărării, discuții cu pensionarii militari: Sindicaliștii vor protesta în stradă!
Ministrul apărării naționale,Angel Tîlvăr, s-a întâlnit joi, 9 mai, la sediul MApN, cu reprezentanți ai conducerii unor structuri asociative ale personalului militar în rezervă și în retragere.  La discuții au fost prezenți șeful Statului Major al Apărării, general Gheorghiță Vlad, secretarul de stat pentru relația cu Parlamentul și calitatea vieții personalului, Eduard Bachide, precum și șefi ai unor structuri centrale ale MApN.
Discuțiile au abordat principalele preocupări și subiecte de interes pentrurezerviștiimilitari, referitoare la corelarea componentei corespunzătoare soldei de grad din pensia militară cu solda de grad a militarilor în activitate, modul de stabilire a impozitului lunar pentru pensiile militare de stat, situația ajutoarelor stabilite la trecerea în rezervă sau direct în retragere, conform prevederilor Legii nr. 284 din 2010 privind salarizarea unitară a personalului plătit din fonduri publice, soluțiile pentru creșterea calității asistenței medicale pentru personalul militar în rezervă și în retragere și membrilor familiilor acestora, precum și modalitățile de îmbunătățire a dialogului între instituția militară și structurile asociative ale rezerviștilor.",Negative
25,"Ce mesaj i-a transmis președintele Iohannis lui Mike Johnson la întânirea pe care au avut-o
Klaus Iohannisa transmis, la întâlnirea cu președintele Camerei Reprezentanților din cadrul Congresului SUA,Mike Johnson, aprecierea pentru atenția arătată de legislativul american pentru cooperarea cu România și cu alte state europene în promovarea prosperității euroatlantice.
Cu ocazia vizitei de lucru în Statele Unite ale Americii, Klaus Iohannis s-a întâlnit joi, la Washington, D.C., cu Președintele Camerei Reprezentanților din cadrul Congresului SUA, Mike Johnson.",Negative
26,"Geoană vrea la prezidențiale! Mesaj clar pentru Ciolacu: Nu sunt interesat de niciun portofel european!
Secretarul general adjunct alNATO,Mircea Geoană, afirmă că nu este interesat de niciun „portofel” la nivel european şi nici de vreo altă funcţie la nivel internaţional. „Sunt interesat să pot să dau înapoi ţării mele într-o formă sau alta ceea ce am de oferit”, afirmă Geoană, precizând că „nu trebuie să fii neapărat preşedintele României ca să poţi să contribui”, scrie News.ro.
Replica sa vine după ce preşedintele PSD, premierul Marcel Ciolacu, a pronunţat „portofelu'”, în loc de „portofoliu”, referindu-se la funcţia de comisar european pentru apărare pe care ar putea-o negocia statul nostru la nivel european, liderul PSD răspunzând ironic când a fost întrebat dacă Mircea Geoană ar putea fi o opţiune luată în considerare pentru această poziţie.",Negative
27,"Breaking: Toate birourile electorale din Buzău au fost desființate de ÎCCJ cu numai câteva ore înainte de debutul campaniei
Înalta Curte de Casaţie şi Justiţiea desfiinţat, printr-o hotărâre definitivă, toate birourile electorale din judeţulBuzău, cu câteva ore înaintea startului campaniei electorale. Autorităţile aşteaptă clarificări de la Biroul Electoral Central pentru a şti dacă pot organiza o nouă tragere la sorţi pentru desemnarea de preşedinţi şi locţiitori ai birourilor electorale din judeţ şi reconstituirea acestora sau trebuie să mai aştepte, conform legii, încă două zile.
Cea de-a doua tragere la sorţi a preşedinţilor şi locţiitorilor birourilor electorale din judeţul Buzău a fost anulată. Astfel, după ce prima tragere la sorţi a fost anulată de Birul Electoral Central, cea de-a doua tragere la sorţi a fost contestată în instanţă, fiind anulată în primă fază de judecătorii Curţii de Apel Ploieşti, iar joi, Înalta Curte de Casaţie şi Justiţie a respins recursul formulat de Biroul Electoral Central la decizia Curţii de Apel Ploieşti, decizia rămânând astfel definitivă.",Negative
28,"Marcel Ciolacu a anunțat că mandatul său de premier se apropie de sfârșit: O să mă schimb cât de curând!
PremierulMarcel Ciolacua declarat, joi, că prim-miniştrii se schimbă unul pe am şi el este al zecelea în această serie. ”Şi eu o să mă schimb cât de curând, fiindcă mandatul este până la sfârşitul anului”, a mai spus şeful Executivului, el precizând că nimic nu se poate implementa în România fără cea mai stabilă structură a administraţiei româneşti, administraţia locală, primarii şi preşedinţii de CJ, care au un mandat stabil de 4 ani.
”Nimic nu se poate implementa înRomâniafără cea mai stabilă structură a administraţiei româneşti, administraţia locală. Fără primari, preşedinţii de Consilii Judeţene, care sunt stabili pentru 4 ani. Prim-miniştrii, aţi văzut, că se schimbă unul pe an, eu sunt al zecelea în această serie de prim-miniştri, şi eu o să mă schimb cât de curând, fiindcă mandatul este până la sfârşitul anului”, a declarat premierul Marcel Ciolacu, la Dezbaterea „Comunităţi europene pentru România”.",Negative
29,"Guvernul a aprobat participarea României la Programul OCDE privind evaluarea competenţelor adulţilor
Guvernul a fost aprobat în şedinţa de joi un memorandum privind participarea României la ProgramulOrganizaţiei pentru Cooperare şi Dezvoltare Economică (OCDE)de evaluare internaţională a competenţelor adulţilor (PIAAC) 2024 - 2029, a anunţatMinisterul Educaţiei.
",Negative
30,"România intră oficial în campania electorală pentru alegerile locale și europarlamentare
Campania electorală pentrualegerile localeșieuroparlamentaredin 9 iunie începe vineri, 10 mai, și se va încheia pe 8 iunie, la ora 7.00. Candidaţii şi partidele care i-au propus vor fi nevoiți să respecte reguli stricte, conform Mediafax.
2024 este primul an în care toate alegerile au loc în același an. Alegerile locale și cele parlamentare se organizează o dată la patru ani, în timp ce scrutinele pentru alegerea europarlamentarilor și președintelui României au loc din cinci în cinci ani.",Negative
31,"Toate actele românilor adunate într-un singur buton: Aplicația Unică a Statului, funcțională de la începutul lui 2025
Ministrul Cercetării, Inovării și Digitalizării,Bogdan Ivan,a declarat joi, la încheierea ședinței de Guvern, că primele servicii funcționale aleAplicației Unice a Statuluivor fi disponibile la începutul anului 2025.
",Positive
32,"România are o șansă unică să-și mărească influența economică în regiune: 'Geografia e de partea noastră'
Ministrul Economiei,Ştefan Radu Oprea, transmite joi că există o tendinţă pozitivă de creştere a numărului de companii noi înfiinţate iar numărul mare al înmatriculărilor elimină scenariile apocaliptice, că dispar companii din cauza creşterii taxelor sau a unor crize generale, conform Agerpres.
”Când studiem demografia raportăm numărul nou născuţilor la numărul celor care nu mai sunt. Aşa aflăm dacă populaţia creşte sau scade. Aşa aflăm dacă sunt necesare, spre exemplu, politici publice de încurajare a natalităţii. La fel ar trebui privită şi viaţa companiilor. Simpla idee enunţată că şi-au suspendat activitatea 6000 de întreprinderi în primul trimestru al acestui an nu este suficientă pentru o analiză corectă”, scrie ministrul Economiei pe Facebook.",Negative
33,"Circul s-a mutat la 'palat': Simion zice că a venit pentru cateheză, Becali spune că i-a cerut bani pentru campanie
George Simion, liderulAUR,a fost observat joi intrând înreședința lui Gigi Becalidin zona Primăverii. Imaginile surprinse îl arată pe Simion în timp ce pășește în curtea proprietății din București a patronului FCSB. La finalul vizitei, fiecare dintre ei a venit cu versiuni diferite ale motivului întâlnirii.
",Negative
34,"SURSE - Ciolacu vrea să-i sancționeze pe funcționarii neperformanți din PNRR
Premierul Marcel Ciolacu vrea să se aplice sancțiuni în cazul funcționarilor publici care lucrează pentru PNRR și care „nu dau randament”, spun joi surse guvernamentale.
„Sunt funcționari care primesc cu 50% în plus la salariu doar pentru că sunt angrenați în PNRR. Cioalcu a cerut să i se comunice câți oameni lucrează în domeniul PNRR la fiecare minister, dar și care este randamentul lor. Cine nu a făcut mai nimic nu o să mai primească bonusuri”, spun sursele citate.",Positive
35,"Geoană și-a început dansul prezidențial la Alba-Iulia
Secretarul general adjunct al NATO,Mircea Geoană, care ia în calcul să candideze din nou laalegerile prezidențiale, și-a manifestat joi regretul că nu există ”o discuţie mai robustă” pe teme europene înaintea alegerilor din acest an, spunând că este ”o ocazie pierdută pentru o dezbatere sănătoasă” pe aceste subiecte, potrivit News.ro.
”Indiferent de ce decizii şi din ce motive iau decizii liderii actuali ai României cu privire la calendarul electoral, eu ştiu un singur lucru: ca şi în istoria naţiunii noastre ştiu că românii şi româncele din ţară, din diasporă, îşi vor alege liderii cei mai buni care să dea la sfârşit de ciclu politic foarte lung tonul la muzică pentru un ciclu politic la fel de lung. Aş spune un singur lucru legat de alegeri: nu cred că am avut, în aceşti 35 de ani, de când organizăm alegeri mai mult sau mai puţin libere şi democratice în România, alegeri mai importante decât în acest an. Pentru că nu e vorba doar despre resincronizarea ciclului politic între mandatul preşedintelui şi al Parlamentului şi al viitorului Guvern şi al noilor primari şi aleşi locali, (...) este de fapt un început de nou ciclu de istorie, este începutul unui nou ciclu european, este un început de nou ciclu NATO, este un început de nou ciclu geo-politic şi de aceea miza alegerilor este uriaşă indiferent de persoanele care se vor înscrie sau nu în competiţie este că de fapt, noi acuma nu alegem un preşedinte pentru cinci sau zece ani de zile sau un Parlament pentru ani de zile sau un primar pentru patru ani de zile, ci de fapt modul în care noi așezăm destinul acuma, ne va influenţa viaţa noastră, a copiilor, a nepoţilor noştri pentru următorii 20-30 de ani. Deci este un început de nou ciclu istoric şi de aceea miza acestor alegeri este incredibil de mare şi sper un singur lucru: să vină cât mai multă lume la vot”, a mai afirmat Mircea Geoană.",Negative
36,"USR îi cere lui Iohannis să retrimită în Parlament legea prin care 'Ciucă şi Ciolacu au ridicat pragul până la care evazioniştii pot fura liniştiţi'
LegeaCiucă-Ciolacu prin care mariievazioniştisunt scăpaţi de răspundere penală dacă achităprejudiciulde sub un milion de euro nu trebuie să intre în vigoare, au transmis reprezentanţii USR care mai spun că este inacceptabil ca marea evaziune să primească undă verde de la PSD şi PNL, iar găurile uriaşe produse bugetului de stat să fie acoperite de contribuabilii cinstiţi, prin taxe şi impozite noi sau majorate. Astfel,USRîi cere preşedinteluiKlaus Iohannissă nu promulge legea, ci să o retrimită în Parlament spre a fi rediscutată, potrivit News.ro.
„Sper că, între zborurile cu avioane private de lux şi negocierile pentru un post la nivel european, preşedintele Iohannis va găsi timp să-şi exercite atribuţiile constituţionale şi în beneficiul ţării. Altfel, la încheierea celor 10 ani de mandat va lăsa o Românie sufocată de corupţie şi la cheremul evazioniştilor”, a declarat preşedintele USR Cătălin Drulă, potrivit comunicatului de presă al partidului..",Positive
37,"Candidatul PNL la Primăria Sectorului 1: Clotilde Armand cere tăierea de bani de la şcoli şi spitale pentru a 12-a oară
Liberalii de la Sectorul 1 spun că, printr-o şedinţă extraordinară convocată joi, primarulClotilde Armand„solicită pentru a 12-a oară rectificarea bugetului aprobat de Consiliul Local în 12 februarie”, conform News.ro.
„Într-un sector care efectiv se prăbuşeşte peste cetăţenii săi, cu cele mai multe clădiri în risc seismic din Capitală, Clotilde Armand vrea să dărâme bugetul pentru şcoli şi spitale, punând în pericol pentru a câta oară vieţile cetăţenilor pe care ar trebui să îi apere. Nu doar că nu atrage bani şi nu face investiţii, dar îşi bate joc de mii de copii care învaţă în şcoli nesigure şi de zeci de mii de cetăţeni care au nevoie de servicii medicale şi nu pot beneficia de condiţii decente pentru că doamna Armand nu e capabilă să conducă primăria”, a explicat George Tuţă, candidatul alianţei PNL-PSD la Primăria Sectorului 1”, a afirmatGeorge Tuţă, candidatul PNL la Primăria Sectorului 1, potrivit sursei citate.",Negative
38,"Firea l-a acuzat pe Nicuşor Dan de lipsă de implicare
Candidata PSD la Primăria Capitalei,Gabriela Firea,a reamintit bucureştenilor de proiectele pe care le-a avut, cât a condus PMB, cele care vizează transportul public în comun, Pasajul Sudului, Fabrica de Glucoză, Nicolae Grigorescu - Splai Dudescu, Podul Ciurel, Spitalul de copii „Victor Gomoiu” sau clădirea nouă pentru Spitalul Foişor, conform News.ro.
„Le spun şi celor care m-au votat şi celor care nu m-au votat, care au simpatie faţă de partidul pe care-l reprezint (PSD) şi celor care au chiar antipatie faţă de partid, dar şi celor neutri care poate sunt şi nehotărâţi în acest moment să-şi aducă aminte cum am preluat în 2016 Capitala, după un an de zile cu un primar din partea PNL interimar care nu a realizat absolut nimic - pentru că dumnealui a ajuns printr-o conjunctură la Primărie şi nu a făcut decât un minimanagement administrativ fără niciun proiect - câte proiecte au fost blocate la Primăria Capitalei 5-6 ani de zile şi pe care le-am desţelenit. Spun doar câteva pentru cei care nu-şi mai aduc aminte de ceea ce am făcut. În primul rând, transportul public în comun. Am găsit şase autobuze, majoritatea stricate. Aduceţi-vă aminte ce cozi erau în staţii, oamenii stăteau ca sardelele în autobuz, plus zeci de minute în şir în staţii pe arşiţă, pe ploaie, pe vânt. În primul rând am spus că trebuie să le redăm bucureştenilor posibilitatea măcar să aibă la dispoziţie autobuze, tramvaie şi troleibuze ca să renunţe la maşina personală. Şi aşa am avut primele 400 de autobuze Euro 6 prietenoase cu mediul, 130 de autobuze hibrid, 100 electrice şi spre sfârşitul mandatului s-au finalizat şi procedurile pentru tramvaie şi troleibuze. Autobuzele sunt şi acum în Bucureşti, noi, circulă toată lumea cu ele. Să ne aducem aminte ce autobuze vechi erau. Vara mureai de cald, iarna mureai de frig, rămâneai în pană, fără siguranţă, luai un autobuz, nu mai ajungeai la destinaţie. Asta a fost prima investiţie - în transportul public în comun”, a explicat Gabriela Firea, joi la DCNews.",Negative
39,"Mutarea de ultimă oră a lui George Simion: Discuții cu Gigi Becali, la 'palat'

Simion a fost surprins în imagini în timp ce intra în locuința din București a lui Gigi Becali, potrivit Antena 3 CNN și HotNews.  Motivul exact al acestei vizite rămâne neclar.",Negative
40,"Candidatul PNL la Capitală, în fața sediului PMB: 'Am auzit până ni s-a făcut acru în gură tuturor că Nicușor Dan a scos primăria din faliment. Nimic mai fals'
Candidatul PNL la Primăria Capitalei,Sebastian Burduja, a declarat că în timpul mandatului luiNicuşor DandatoriaPMBa crescut cu jumătate de miliard de lei şi a subliniat că edilul general a minţit atunci când a afirmat că a scos instituţia din faliment, conform News.ro.
„Prima întrebare este aceasta: de ce minte Nicuşor? În episodul de astăzi voi prezenta situaţia bugetului Primăriei Generale, conform datelor oficiale de la Primăria Generală de la Ministerul de Finanţe. Haideţi să începem cu partea de venituri, cu ce a încasat Primăria Generală pe mandatul lui Nicuşor Dan în ultimii ani. Dacă în 2020, veniturile - ce a încasat primăria - sunt 3,7 miliarde lei, observăm o creştere în special în 2022 şi în 2023, când avem 6,4 miliarde lei venituri proprii şi în total peste 7 miliarde de lei. Asta înseamnă o creştere de aproape de la simplu la dublu. Deci, Nicuşor pe mandatul lui a avut mult mai mulţi bani în primărie cu aproape 3 miliarde lei în plus"", a explicat Sebastian Burduja, într-o conferinţă de presă organizată, joi, în faţa sediului PMB.",Negative
41,"Firea: Nicuşor Dan s-a plâns că a moştenit datorii. Le-am achitat, ca primar general şi nu m-am plâns
Candidata PSD la Primăria Capitalei,Gabriela Firea,a declarat căNicuşor Dans-a plâns că a moştenit datorii, din perioada când conducerea ea PMB, însă ea a subliniat că a achitat acele datorii, pentru că asta este conform cu Legea finanţelor publice locale, potrivit News.ro.
„Dumnealui s-a plâns că a moştenit datorii. Am arătat că şi eu am moştenit datorii. Le-am achitat, ca primar general - aşa este Legea finanţelor publice locale - şi nu m-am plâns. Au fost datorii de la foştii primari. Eu am considerat că acele împrumuturi s-au făcut pentru Bucureşti, pentru dezvoltarea lui şi le-am achitat în numele bucureştenilor. Aşa trebuia să procedeze şi actualul primar. ebuia să se achite de obligaţii, pentru că nu am plecat acasă cu acei bani”, a afirmat Gabriela Firea, joi la DCNews.",Negative
42,"Corina Creţu: De la aderarea la UE, România a avut cea mai mare rată de creştere a PIB pe cap de locuitor din regiune
EuroparlamentarulCorina Creţu, fost comisar european, afirmă, cu ocazia Zilei Europei, că apartenenţa la marea familie europeană ne oferă beneficii enorme, care privesc libera circulaţie, faptul că românii pot lucra sau studia în orice alt stat membru fără să le fie impuse condiţii suplimentare faţă de cele pe care trebuie să le respecte cetăţenii statelor respective, potrivit News.ro.
”9 Mai - o zi cu dublă semnificaţie pentru noi: Ziua Independenţei de stat a României şi Ziua Europei! În această zi, în anul 1877, Mihai Kogălniceanu rostea, în plenul Adunării Deputaţilor, Declaraţia de Independenţă a României, act care consfinţea înscrierea definitivă a ţării pe harta Europei. 73 de ani mai târziu, la Paris, ministrul francez al Afacerilor Externe, Robert Schuman, propunea stabilirea unei noi forme de cooperare politică în Europa, care să înlăture pentru totdeauna posibilitatea izbucnirii unui nou război între naţiunile Europei. A fost primul pas către crearea a ceea ce azi numim Uniunea Europeană. Apartenenţa noastră la marea familie europeană ne oferă beneficii enorme, care privesc libera circulaţie, faptul că românii pot lucra sau studia în orice alt stat membru fără să le fie impuse condiţii suplimentare faţă de cele pe care trebuie să le respecte naţionalii statelor respective. Mai mult, dela aderarea la UE, România a avut cea mai mare rată de creştere a PIB-ului pe cap de locuitor din regiune, a devenit o destinaţie tot mai atractivă pentru investitorii străini, iar veniturile românilor au crescut constant, în timp ce exporturile s-au triplat”, afirmă Corina Creţu într-o postare pe Facebook.",Negative
43,"Cîţu îl provoacă pe liderul PSD la o dezbatere: 'Ciolacu, rămâi un mitoman frustrat!'
Fostul premierFlorin Cîţuîi răspunde, joi, premieruluiMarcel Ciolacu, după ce liderul PSD afirmase că datoria publică la 52,4% din PIB în februarie 2024 este din cauza guvernării Cîţu deoarece acesta a făcutîmprumuturide 200 miliarde lei, conform News.ro.
”Ciolacu, rămâi un MITOMAN frustrat! Ai curaj să dezbatem public despre situaţia economică în guvernarea liberală vs. guvernarea socialistă? Nu ai. Dacă nu te ţine şefu' de mână, eşti praf. Tovarăşe Ciolacu, guvernul pe care, dintr-o eroare istorică, îl conduci, spune că guvernarea socialistă a împrumutat cei mai mulţi bani din istoria României”, scrie fostul premier într-o postare pe Facebook.",Negative
44,"- Ciolacu: 'Anul acesta va fi pentru prima oară în istoria României când se va depăși procentul din PIB alocat pentru investiții'
PremierulMarcel Ciolacua declarat joi, în debutul ședinței deGuvern, că anul acesta va fi pentru prima oară în istoria României când se va depăși procentul din PIB alocat pentruinvestiții.
„Azi este Ziua Europei și cred că modul cel mai potrivit în care o putem celebra este folosind eficient toți banii europeni disponibili pentru modernizarea țării. De aceea, adoptăm azi o ordonanță de urgență prin care venim cu noi soluții pentru finalizarea, în bune condiții, a finanțării unor proiecte susținute din bani europeni. Așa cum am dus absorbția din exercițiul 2014-2020 la peste 97%, la fel vrem să facem și cu fondurile din PNRR și cu cele din actualul exercițiu financiar european”, a mai declarat premierul.",Positive
45,"Drulă prezice falimentul CFR: 'Gaura bugetară va fi achitată de români'
LiderulUSRCătălin Drulă transmite, joi, că având peste 1 miliard de lei pierderi, falimentulCFR Călătorie aproape, iar la final gaura bugetară va fi achitată de români.
„Pierderile CFR Călători estimate pe anul 2024 sunt cu 464% mai mari decât cele raportate la 31 decembrie 2023. În cele opt luni la Ministerul Transporturilor, m-am bătut pentru ca feroviarul să nu mai fie ignorat. Am reuşit să atrag în PNRR 4 miliarde de euro, bani pentru căi ferate modernizate, reparate şi pentru trenuri noi. Scopul? Să aducem calea ferată românească în Secolul 21”, a scris liderul USR pe Facebook.",Negative
46,"Ciolacu: Au scăzut prețurile facturilor la gaze naturale și electricitate
PremierulMarcel Ciolacua declarat joi, în debutul ședinței deGuvern, că prețurile lagazeșielectricitateau scăzut.
El a menționat și o serie de investiții.",Positive
47,"Cei 8 candidaţi pentru preşedinţia CJ Prahova: Iulian Dumitrescu, cercetat de DNA, şi doi deputaţi, printre concurenți
Opt persoane candidează pentru şefiaConsiliului Judeţean(CJ)Prahova, între ele fiind actualul preşedinte al instituţiei,Iulian Dumitrescu, cercetat sub control judiciar pentru fapte de corupţie, doi deputaţi, fostul prefect al judeţului şi un fost cadru militar, potrivit Agerpres.
Conform datelor publicate de Biroul Electoral Judeţean (BEJ) Prahova cu privire la rămânerea definitivă acandidaturilorla funcţia de preşedinte al CJ, în cursa electorală intră Iulian Dumitrescu (PNL), fostul prefect Virgiliu Nanu (PSD-PUSL), deputaţii George Ionescu (Partidul Forţa Dreptei - Alianţa Dreapta Unită) şi George Axinia (AUR), Gabriel-Mihail Muşuroia, pensionar militar (Partidul România în Acţiune), Adrian Petrache, jurist (Alianţa Naţional Ţărănistă), Mihai Neagu, inginer (Alianţa Mişcarea Noi, Ploieştenii - REPER) şi Gheorghe Năsulea, antreprenor (Partidul S.O.S. România).",Negative
48,"Rareș Bogdan, despre sondajele pentru Primăria Capitalei: Sebastian Burduja, spre 20%
Rareș Bogdan a reacționat la sondajele de opinie privind alegerile pentru Primăria Capitalei. Potrivit acestuia, Sebastian Burduja se apropie de pragul de 20%, fiind estimat în jurul valorii de 18% în prezent, în sondajele interne ale partidului.
„Astăzi, toate focus grupurile făcute de noi și sondajele, avem două sondaje pe săptămână plus focus grupuri pe diverse categorii profesionale, pentru că încercăm să mergem microtargetat pe tot publicul care este într-o mare măsură nehotărât și nemulțumit de ceea ce s-a întâmplat în Bucureștiul ultimilor 20 de ani, asta ne arată studiile, ne arată astăzi o situație în care Sebastian se îndreaptă spre 20%, recuperează din votanții lui Nicușor Dan cu precădere și din nehotărâți. Nicușor Dan ”a coborât”, Gabriela Firea ”a sărit”.",Negative
49,"Ciolacu a răbufnit în ședința de Guvern: 'Unii comercianți au scăzut gramajul la produse. E scumpire camuflată!' /
PremierulMarcel Ciolacua declarat joi, în debutul ședinței deGuvern, că unii comercianți au scăzut gramajul la produse, dar au lăsat prețurile la fel de mari.
Ciolacu a precizat că în ședința de Guvern se vor aloca fonduri în regim de urgență pentru repararea solului de la Slănic Prahova, unde o stradă s-a surpat formând un crater.",Negative
