Index,Content,Emotion
1,Tomac susține că Iohannis nu are șanse să devină șef al Consiliului European. ”Este mult prea departe acest scenariu”,Frica
2,"Prefectul Capitalei, despre achiziționarea minicentralelor: ”O măsură tardivă luată doar pentru a se putea invoca în campanie”",Neutru
3,Analiză: Românii vor din nou un președinte jucător. Pe cine?,Bucurie
4,Analiză: Cine salvează țara? Căpitanul și noii legionari?,Neutru
5,Ședință cu miză uriașă a coaliției PSD-PNL. Este discutată oficial comasarea alegerilor. Scenariul luat în calcul,Tristete
6,Cum a ajuns Iohannis în echipă cu Erdogan și Viktor Orban,Furie
7,Lista cu noile alimente cu preț plafonat: s-au scos mai multe alimente și au fost adăugate untul și magiunul. „Combatere a creşterii excesive a preţurilor”,Bucurie
8,"CTP are o întrebare pentru Klaus Iohannis: ”Va continua să țină blocat, așa cum face de 30 de ani?”",Frica
9,"Dan Negru, viitor primar? Reacția vedetei: ”Eu nu știu de unde vine apa caldă...”",Furie
10,Moartea unui om politic - pomenirea și lecțiile acesteia. Partea I: de ce trebuie să (ne) criticăm liderii?,Neutru
11,"Emilia Șercan demască gestul făcut de Adrian Cioroianu: ""O mârșăvie inimaginabilă""",Frica
12,"""Universităţile ar trebui să se ocupe de performanţă academică, nu imobiliară"". O nouă ordonanță de urgență scoate oamenii în stradă",Furie
13,"Decizie a Curții de Justiție a UE: ""Statul român nu are voie să îți taie buletinul, dacă tu ai domiciliul în străinătate!""",Bucurie
14,28 ianuarie 1990 – ziua în care respectul poporului ceh față de România s-a schimbat cu 180 de grade,Bucurie
15,Deputata AUR care militează pentru introducerea castrării chimice în cazul pedofililor și violatorilor: ”E singura soluție”,Furie
16,Fostul șef al SRI critică dur declarațiile lui Claudiu Târziu (AUR): ”Discursul îi convine cel mai mult lui Putin/ Se joacă cinic cu o temă fierbinte”,Frica
17,"Trei parlamentari români, victimele unei grupări globale de spionaj a Chinei. Dezvăluirile Departamentului de Justiţie al SUA",Tristete
18,"Analiză: De ce românii nu-i vor pe Ciucă, Ciolacu și Drulă?",Frica
19,"”Greii” europeni care vin Congresul de la București din 6-7 martie. Printre cei prezenţi va fi cancelarul Austriei, Karl Nehammer",Neutru
20,"Efectele plafonării prețurilor alimentelor de bază: ”Inflația este la jumătate, nu a existat penurie”",Furie
21,"Ciolacu anunță plafonări ”oriunde există speculă”. Energie și gaze, RCA și dobânzi, deja pe listă",Tristete
22,"Eroul anticomunist Liviu Corneliu Babeş are statuie, după 35 de ani. Allen Coliban: ""A fost un gest suprem de renunţare la sine""",Neutru
23,Politicienii români care au fost țintiți de hackeri sprijiniți de Rusia. „Agresiunile se desfășoară împotriva demnitarilor vocali”,Neutru
24,"Tőkés, autonomia și (im)posibila recuperare a maghiarilor",Neutru
25,2024 – an decisiv pentru națiunea română,Tristete
26,"Fostul baron de Gorj Dan Ilie Morega ar fi fost prins la volan fără permis. Ajuns la 78 de ani, își conducea mașina prin Târgu Jiu",Bucurie
27,Ce recorduri bat primarii USR,Bucurie
28,"Ministra Muncii, despre impozitul zero pentru familiile cu salariu minim: „Facem o analiză în momentul acesta”",Neutru
29,Ministerul de Finanţe vrea să dezgheţe creşteri salariale în sectorul bugetar. Informația esențială care lipsește din proiectul de OUG,Tristete
30,"Emilia Șercan dezvăluie scurt circuitul făcut de Adrian Cioroianu, care a divulgat public o informație cu privire la Mircea Geoană",Tristete
31,Ciolacu spune că a văzut documentele cu „regim secret” privind interdicția lui George Simion de a intra în Ucraina şi Moldova. „O decizie întemeiată”,Neutru
32,Proiect pentru plafonarea adaosului comercial la 20 la sută pentru produsele românești. „La produsele din import să pună orice adaos doresc ei”,Neutru
33,"REPER acuză USR de plagiat. „Fără hoţie ajungem departe, un slogan care pare a fi uitat în goana după voturi”",Tristete
34,"Bugetul Capitalei pe 2024, evaluat la 6,5 miliarde de lei: ”E întocmit cu colegii de la USR și PMP”",Furie
35,"Adevăruri, minciuni și statistici",Tristete
36,"Un nou pachet de sancțiuni pentru Rusia, susținut de România. „Lucrăm la un mesaj comun ca urmare a morţii disidentului rus”",Frica
37,Pliante de propagandă politică capsate de taloanele de pensii distribuite în ianuarie. PSD cere informații despre tariful perceput,Furie
38,"Nicolae Ciucă a convocat Senatul în sesiune extraordinară. Ordonanţele adoptate de Guvern la solicitarea protestatarilor, luate în discuție",Neutru
39,Cum ar putea toți copiii români din diaspora să învețe limba română,Frica
40,Încă 4 ani. Ghinion!,Neutru
41,Cine sunt primarii care au alocat sume record pentru Educație,Furie
42,"Miting antiextremism organizat la Suceava. „Să rupă clanţa uşii, să înjure, să facă fel de fel de atacuri nedemocratice”",Frica
43,"Marcel Ciolacu și George Simion, reacții după moartea fostului ministru Ilie Șerbănescu",Tristete
44,Cine sunt primarii care au recuperat hectare de spații verzi din mâinile mafiei imobiliare,Frica
45,"Primar prins în timpul unei aventuri amoroase cu o angajată. “Mă, nu vă e rușine, mă? În timpul serviciului?”VIDEO",Bucurie
46,"Care este valoarea tezaurului furat de ruși României, conform evaluării actuale în euro",Furie
47,"Ruperea coaliției, „fake news-ul săptămânii”, în viziunea unor lideri liberali. „Pentru că nu s-au comasat nişte alegeri”",Furie
48,Închiderea supermarketurilor în weekend. Ministrul Agriculturii: ”Nu putem obliga românii să meargă la orele pe care le indică statul”,Neutru
49,PSD susține că salariul minim european va fi introdus în România până la finalul anului. Impactul asupra mediului privat,Tristete
50,Guvernul prelungește valabilitatea cardurilor de energie: ”Pentru a se putea plăti facturile care ajung cu întârziere”,Frica
51,"La Sectorul 6, Mihaela Ștefan, candidatul USR, dezvăluie secretul reușitelor primăriei: „Au existat mereu doi primari - care au lucrat în tandem”/ „Cu PSD în alianță, Ciucu va fi un cal mort!”",Tristete
52,"O cunoscută jurnalistă, fost președinte TVR, vrea s-o dea jos de la primărie pe Olguța Vasilescu: ”Sătui de găști și sinecuri”",Bucurie
53,USR cataloghează vizita lui Ciucă și Ciolacu pe șantierul A7 drept ”fanfaronadă”: ”În 2024 vom circula doar pe 10 km din 320”,Bucurie
54,Ministrul Afacerilor Externe anunță că nevoile civililor palestinieni vor continua să fie o prioritate pentru România,Bucurie
55,Neputința statului în fața evaziunii fiscale și corupției. Daniel Fenechiu (PNL): “Nu e mai simplu să îți recuperezi banii azi fără să îl bagi în pușcărie?”,Bucurie
56,"Lider PNL, despre blocajul din coaliție pe comasarea alegerilor: „Este legat de faptul că Marcel Ciolacu se doreşte a fi preşedintele României”",Tristete
57,"Raport negativ despre democrația din România: ""Situația s-a înrăutățit în anul 2023. Justiția își sacrifică independența pentru a servi interesele actorilor politici",Frica
58,"Tehnica averii deținute pe firmă. Cîrstoiu are apartamente, un penthouse și bolizi de lux, pe lângă bunurile declarate",Furie
59,"Premierul, despre dotarea cu armament a inspectorilor ANAF: ”Tragi după camioane, eşti John Wayne?”",Neutru
60,Analiză: Pericolul rusesc și schizofrenia românească,Tristete
61,Rectorul SNSPA cere anchetarea legăturilor liderului AUR cu Rusia: ”Un politician de factură legionară/ Păcălește românii și afectează stabilitatea țării”,Neutru
62,"Primarul Bacăului, suspect într-un dosar DNA după ce a cazat o membră USR într-un apartament de serviciu. „Aştept să se încheie rapid această poveste”",Neutru
63,"Boloş, despre taxa pe boală: ""Cel care stă în concediu medical primeşte mai mulţi bani decât atunci când este la serviciu""",Bucurie
64,"A murit Gheorghe Tinca, cunoscut politician al anilor '90. A fost primul ministru civil al Apărării de după Revoluție",Tristete
65,Ciolacu: Apartenenţa României la NATO reprezintă o garanţie de securitate pentru ţara noastră. Vom continua să fim un actor influent şi constructivFOTO/VIDEO,Tristete
66,În România crește influența serviciilor și a armatei,Tristete
67,Un fost subprefect cere despăgubiri de 100.000 de euro. Spune că a făcut psoriazis după ce presa l-a numit ”fripturist”,Frica
68,"CTP atinge un subiect sensibil, în lupta pentru Primăria Capitalei: ""Nu le-a păsat niciodată de morții și suferinzii din Colectiv""",Neutru
69,A murit economistul Ilie Șerbănescu. Cunoscutul analist și fost ministru avea 81 de ani,Tristete
70,CTP are de ales între Ciolacu și Șoșoacă-Simion. Comparație cu Iliescu și C.V. Tudor: ”Îmi venea să-mi trag un pumn”,Neutru
71,"Elena Lasconi susține că e hărțuită de instituțiile statului: ""M-ați omorât! Președintele nostru este o persoană inexistentă / Mi s-a propus să intru în PNL""",Neutru
72,Klaus Iohannis a transmis ministrului Justiției cererile de urmărire penală față de Petre Roman și Gelu-Voican Voiculescu,Neutru
73,Revendicările fermierilor pentru încetarea protestelor. Lista a ajuns la Guvern și Ministerul Agriculturii,Bucurie
74,"Ministrul Raluca Turcan, după ce Marcel Ciolacu s-a dus la Miami Bici 2: ”N-aș dori s-o discut”",Furie
75,Analiză: Axa București-Kiev: cine o boicotează?,Neutru
76,"Paznicul unei primării, bătut de edil deoarece nu voia să-l voteze la alegerile locale. Caz revoltător în MehedințiVIDEO",Frica
77,Are AUR legături cu Rusia? De ce a tăcut Hellvig până acum?,Frica
78,Scandalul provocat de pliantele de propagandă politică atașate taloanelor de pensii ia amploare. PSD depune plângere penală împotriva PNL,Neutru
79,"Klaus Iohannis, sfidat de urmașii săi politici. „Este o onoare pentru mine”",Tristete
80,"”Să vă fie rușine, deși n-aș paria că aveți astfel de scrupule” Adrian Cioroianu o atacă pe jurnalista Emilia Șercan",Bucurie
81,"Un fost PSD-ist, dat afară din partid de Dragnea, în cărți să preia conducerea PNL Prahova. Cutremur politic după inculparea lui Iulian Dumitrescu, lider din umbră al liberalilor",Bucurie
82,Analiză: Se caută un Viktor Orban de România?,Furie
83,"Nicușor Dan, ironic la adresa lui Robert Negoiță: ”Foarte curajos să se apropie de Parchet singur”",Frica
84,Opinie: Două mandate pas cu pas - de ce tace Iohannis,Neutru
85,Deputatul PNL care a anunţat că vrea să candideze împotriva lui Emil Boc la Cluj-Napoca şi a criticat partidul. Cum „s-au răzbunat” colegii,Tristete
86,Atenţionare de călătorie emisă de MAE pentru Bulgaria. Perioade prelungite de aşteptare la terminalele de marfă,Bucurie
87,"PNL și PSD „racolează” membri din teritoriu și de la PMP și USR, nu doar în interiorul coaliției. „Unirea formaţiunilor de centru-dreapta”",Furie
88,Mircea Geoană analizează cât de gravă este amenințarea nucleară a lui Putin. „Face parte din arsenalul său de intimidare şi presiune psihologică”,Furie
89,"Controversata taxă pe soare, eliminată de Guvern. Anunțul ministrului Energiei pentru prosumatori",Tristete
90,CTP pune presiune pe Marcel Ciolacu: ”Ce spune eroul Revoluției de la Buzău?”,Tristete
91,Congresul PPE: drumul greu spre o victorie anunțată,Bucurie
92,CTP ridiculizează ambiția lui Iohannis: ”Încă un mestecător de talaș din România?”,Furie
93,"Protest USR la ușa lui Boloș: Aproape 100 de zile de când bagă mâna în buzunarul românilor prin ""taxa pe boală""",Tristete
94,"Nici Plicușor, nici Mucușor! Care este adevărata poreclă a primarului Nicușor Dan",Bucurie
95,Sfaturile lui Dîncu pentru liderul PSD Marcel Ciolacu,Frica
96,"Voucherele, o gaură în bugetul țării: ”Nu țin cont de realitatea din România. Din ce bani își va permite statul să le acorde?”",Frica
97,"Posibilitatea unui candidat comun PSD-PNL la prezidențiale: ”Mă sunaţi şi vă răspund după europarlamentare, să terminăm cu astea”",Frica
98,Patru ONG-uri vor demisia lui Cioroianu de la Biblioteca Națională. Îl acuză că a încălcat GDPR și codul de conduită etică,Tristete
99,Raluca Turcan anunță regulamentul de concurs pentru șefia Bibliotecii Naționale. Neagă demiterea sau sancționarea lui Adrian Cioroianu,Tristete
100,"Actorul Dan Puric, numit de CTP candidat la prezidențiale din partea AUR: ”Sper să aveți umor”",Frica
101,"Singurul primar USR din Sibiu a trecut la PSD. „Politica bazată pe traseism, partidul lui Dragnea, Năstase şi acum Ciolacu nu are valoare”",Frica
102,Opinie: Cum joacă guvernul alba-neagra cu datoria publică,Tristete
103,Politicienii în care românii au cea mai mare încredere. Pe ce loc se află Simion și Șoșoacă,Furie
104,Cum poate un primar să influențeze valoarea proprietăților,Bucurie
105,CTP susține că ”AUR și-a găsit Vadimul”. Cine ar fi candidatul la prezidențiale: ”Ciucă și Ciolacu ar fi KO. Chiar și Șoșoacăi nu i-ar fi ușor”,Bucurie
106,"Preşedintele Republicii Moldova, Maia Sandu, oaspetele Majestăţii Sale Margareta, Custodele Coroanei, la Săvârşin",Neutru
107,"Cine o manevrează pe Șoșoacă. Dezvăluirile soțului: ”Ce să mai, este Diana mondiala...”",Furie
108,"Emilia Șercan, despre comportamentul lui Adrian Cioroianu: ""Grosolănie inimaginabilă"" De ce spune că directorul BNaR ar trebuie să își dea demisia",Tristete
109,"Un simbol al Unirii Principatelor pe lângă care politicienii trec nepăsători în 24 ianuarie, grăbiți să joace hora la IașiFOTO",Furie
110,Ce reproșuri i-a făcut Rareș Bogdan PSD-istului Mihai Tudose,Bucurie
111,"Donezi sânge, plătești impozit mai mic. Care sunt condițiile impuse de noua lege",Frica
112,"Opinie: Analfabetismul politic, un Piedone la pătrat",Tristete
113,"Premieră în Capitală: Primăria Sectorului 2, deschisă non-stop pentru ridicarea documentelor: ""Oamenii nu vor mai fi nevoiţi să îşi ia liber de la serviciu""",Tristete
114,"Opinie: Predicile AUR, sub sutana BOR",Furie
115,Problema defrișărilor ilegale ar putea avea o soluție în curând. Europarlamentarul Nicu Ștefănuță: “Nu mai dați vina numai pe străini”,Frica
116,"Republica Moldova limitează participarea Rusiei la o importantă conferință de la Chişinău: ""A declanşat multiple crize""",Furie
117,Analist: Rolul României în NATO a devenit crucial odată cu anexarea Crimeei de către Rusia şi izbucnirea războiului împotriva Ucrainei,Neutru
118,Florin Călinescu candidează la președinția României. Mutarea decisivă pe care vrea să o facă în fruntea țării,Tristete
119,Gestul lui Iohannis care l-a șocat pe CTP: ”E magistral. Mi-a amintit de o cerșetoare româncă”,Bucurie
120,De ce au eșuat negocierile AUR cu Pro România. Victor Ponta: “Am fost zdrobiți de mamutul acesta PNL-PSD”VIDEO,Frica
121,"3 ani de guvernare PSD-PNL: 3 ani de taxe mărite, inflație și sărăcie. Care sunt soluțiile puse pe masă de alianța Dreapta Unită",Tristete
122,"Cine este George Bologan, noul consilier prezidențial numit de Iohannis. I-a luat locul lui Bogdan Aurescu",Tristete
123,"Societatea civilă, în letargie. De ce nu mai ies românii în stradă: “Interesul față de politică este în scădere în toată Europa”",Tristete
124,"Partidele, obligate să aibă 30% dintre aleși femei pentru a primi integral subvenția de la stat: ”Este în interesul societăţii şi al democraţiei româneşti”",Frica
125,"Voce nemulțumită din PNL la adresa colegilor de coaliție: ""Nu joacă corect PSD-ul. O spun cu un nod în gât, e singura soluție de guvernare""",Furie
126,Profeția lui Dâncu în privința viitorului președinte al României,Frica
127,"Ambasadoarea SUA, mesaj pentru români despre programul Visa Waiver: ”Reînnoiţi-vă vizele! Nimic nu este garantat”",Furie
128,"Dîncu, despre prezidenţiale: Geoană, un candidat cu şanse. Koveşi, mai degrabă o sperietoare",Furie
129,Claudiu Târziu reacționează la acuzațiile lui Hellvig: ”A sărit ca proasta din baie/ Să-și mănânce liniștit pensia specială”,Neutru
130,"Opinie: Pentru cine lucrează DNA? Pentru SRI, PNL și PSD?",Frica
131,Opinie: Filiera rusească - cine o susține în România?,Bucurie
132,PSD îl atacă pe Năsui pe tema salariului minim european: ”Liderii USR sunt pe un drum total greșit”,Furie
133,Scenariile comasării: se ia în calcul demisia lui Iohannis?,Tristete
134,Analiză: De partea Rusiei? Ciolacu și modelul V. Orban,Neutru
135,"Opinie: Politicianul român, crescut la creșa arivismului",Furie
136,"Cătălin Cîrstoiu a recunoscut care e oraşul său preferat din lume: ”Era o ruină, un șantier”",Bucurie
137,"Dan Șucu, nu vrei să fii Primar General?",Furie
138,"Senator PSD, despre aderarea parțială a României la Schengen: ”Acesta este secretul acordului politic”",Tristete
139,Ce vrea USR: o politică mare sau una cu partide minuscule?,Bucurie
140,"Liderii Alianţei Dreapta Unită, după ce BEC a respins protocolul de constituire a alianței electorale: „Aşa ne vom prezenta în faţa oamenilor”",Neutru
141,"A murit profesorul Daniel Barbu, fost ministru al Culturii. A fost printre inițiatorii legii speciale pentru Roșia Montană",Frica
142,"Ce se întâmplă cu alianța de guvernare după alegerile prezidențiale. Ciolacu: ""Să vedem votul românilor de pe 9 iunie și vom lua o hotărâre""VIDEO",Furie
143,"Lista PNL pentru europarlamentare anunțată oficial. Reacția lui Ciucă despre retragerea Ramonei Chiriac, care se afla pe primul loc",Neutru
144,CCR discută în martie sesizarea privind transmiterea a 35 de terenuri în proprietatea privată a Universităţii de Ştiinţele Vieţii „Regele Mihai I”,Bucurie
145,"CTP, despre vinul de 3.000 de euro servit de Nicolae Ciucă: ”Urina băutorului devine albastră!”",Bucurie
146,Opinie: Disperarea lui Ciolacu și potențialul lui Geoană,Frica
147,"Candidatul USR pentru primăria Sectorului 3 din București. ""Începem lupta""",Tristete
148,"Ce le-a spus Diana Șoșoacă polițiștilor, după ce a rămas fără permis: ”Uite cum taie niște linii acolo! Fir-ar mama voastră de slugi și nenorociți...”VIDEO",Neutru
149,"Acuze PNL-PSD. Sighiartău: Starea de confuzie ne afectează. Pucheanu: PNL e bulversat de ani de zile, nu era nevoie de noi pentru asta",Frica
150,CTP îl compară pe Klaus Iohannis cu Gabriela Firea: ”Cu tot atâtea șanse de câștig”,Neutru
151,"Liviu Dragnea, la un pas de moarte. Medicii au reușit să-l stabilizeze pe fostul lider PSD",Tristete
152,Gheorghe Flutur va fi viitorul președinte al României?,Furie
153,Cine sunt femeile pe care Dreapta Unită le trimite în Parlamentul European,Furie
154,De ce Bulgaria își menține echilibrul în ciuda schimbărilor politice drastice: ”Au avut o rigoare fiscală și economică extrem de dură”,Frica
155,"Răzvan Timofciuc, exclus din USR toamna trecută, ales viceprimarul Iașiului. Mihai Chirica l-a propus în ciuda scandalurilor din trecut",Bucurie
156,"Supărarea unui lider PNL, după ce PSD a anunțat că a „racolat” mai mulți primari liberali. „Permutări în stil golănesc”",Frica
157,"Coaliția PSD și PNL așteaptă rezultatele sondajelor pentru a decide candidatul la Capitală. Băluță și Firea, Burduja și Lupescu, analizați de partide",Neutru
158,"Noaptea minții în cel mai bogat sector din București. Stradă neasfaltată, spălată cu furtunul cu apă de administrațieVIDEO",Tristete
159,"România, aliatul cheie al Marii Britanii pentru protejarea flancului sud-estic al NATO: ”Cred că putem lucra mai mult împreună în Marea Neagră”",Frica
160,2024: PSD câștigă alegerile și UDMR (nu) intră în parlament?,Neutru
161,"Plângere penală depusă de USR împotriva lui Robert Negoiţă, pentru contracte cu dedicaţie de peste 15 milioane euro",Frica
162,"Întâlniri secrete și afaceri dubioase. România, încotro?",Bucurie
163,"România în NATO de 20 de ani. Expert: ""Unde suntem acum? Înţelegem mai bine prin comparaţie. Unde sunt Ucraina şi Republica Moldova?""",Bucurie
164,Ce șanse îi dă Carmen Harra lui Marcel Ciolacu să fie președinte: ”Am văzut asta la Hillary. Când ești în anii personali 2...”,Furie
165,Se interzice fumatul țigărilor electronice în spațiile publice închise și în birouri. Ce mai prevede legea promulgată de Klaus Iohannis,Bucurie
166,"Când vine pronunțarea în dosarul Roșia Montană. Marcel Boloș: ""Perspectiva de a schimba decizia este destul de mică""",Frica
167,Cum au fost furați zilnic și îndatorați cu mii de euro toți românii,Furie
168,Cum îl desființează CTP pe Nicolae Ciucă: ”Pot împinge la sinucidere un bou adult”,Furie
169,Stenograme din ședința PNL în care s-a discutat comasarea alegerilor. Vasile Blaga: „Se rupe hamul ori moare calul”,Tristete
170,"„Fir-ar mama ei a dracu' de zdreanță! Mi-e scârbă de mine!”. Diana Șoșoacă, pusă la punct de soțul abuzat timp de doi ani",Frica
171,Presiuni de la șeful PNL Iași către Ciolacu să-l retragă pe Bogdan Cojocaru din funcția de prefect: ”Un scenariu aproape hilar”,Frica
172,"500.000 de euro despăgubiri pentru stres, flatulențe și scaune moi. Un membru ALDE dat în judecată pentru că a trădat partidul",Furie
173,"Cătălin Cîrstoiu, un nou atac la Nicușor Dan: ""Nu a autorizat toaletarea arborilor sau îndepărtarea copacilor uscați""",Frica
174,Prima consecință după scandalul taloanelor de pensii livrate cu pliante PNL: Poşta suspendă serviciul pentru materiale cu caracter politic,Furie
175,"Dan Puric, după postarea lui CTP: ""Am stat de vorbă cu un nebun""",Neutru
176,Materiale de propagandă politică având însemnele PNL au fost distribuite în sediul Inspectoratului Şcolar Judeţean Iași: ”Am rămas siderat”,Tristete
177,PSD continuă cu „marea racolare” înainte de alegeri. Al zecelea primar din Timiș renunță la partidul său și anunță că trece la social-democrați,Frica
178,"Fostul polițist care și-a amenințat vecina cu moartea este liderul partidului condus de Carmen Dan, fost ministru de Interne",Furie
179,O parte dintre parlamentari vor lucra online pentru a se ocupa şi de campaniile electorale. „Având în vedere contextul politic actual”,Bucurie
180,"""De ce își șterge Adrian Cioroianu comentariile cu iz interlop?"" Ministrul Culturii, Raluca Turcan, prinsă în scandalul momentului",Tristete
181,Cum primește Catedrala Mântuirii Neamului bani de la stat. Oficial BOR: “Patriarhia nu poate cunoaște situația internă din cadrul Primăriei”,Furie
182,Pe cine dă vina Vasile Dîncu pentru eșecurile PSD din ultimii 20 de ani,Bucurie
183,Elena Lasconi a demisionat din funcția de vicepreședinte al USR Argeș. „Nu mă mai interesează. Mie îmi e scârbă”,Bucurie
184,Primarul uneia dintre cele mai bogate comune se mută din PNL în PSD pentru un nou mandat,Furie
185,Schimb de replici între liberali și social-democrați pe „părăsirea coaliției”. Liniile roșii impuse de PNL,Tristete
186,"Liderii Coaliției, la prezentarea candidatului comun pentru Primăria Capitalei: ""Nu a stat cu mâna întinsă""",Frica
187,Fraudă pe față? Pentru cine e Ordonanța primarilor traseiști,Neutru
188,"Ionuț Lupescu, propunerea surpriză a PNL la Primăria București. Ce fost mare sportiv și-a mai dorit Capitala",Bucurie
189,De unde vin banii AUR? DNA și pericolul victimizării,Neutru
190,"Ambasadorul Rusiei la Bucureşti, ironii după ce a fost convocat la MAE: ”Cel mai vag demers/ Am putut doar ghici”",Furie
191,USR și Forța Dreptei au depus o moțiune simplă împotriva ministrului Finanțelor. ”Inventatorul şi păzitorul taxei pe boală trebuie să plece”,Frica
192,"Noi cazuri de traseism, înainte de alegeri. Liberalii care „s-au detașat de stilul de lucru bazat pe scandal al PNL” și au trecut la PSD",Neutru
193,"Plafonarea prețurilor alimentelor de bază a dus la creșterea producției. Măsura, prelungită până la finalul anului",Bucurie
194,"CTP, despre plicul suspect cu zahăr primit de Diana Șoșoacă: ”Asta e faza în care se află această dihanie”. Asemănarea cu Băsescu și Trump",Tristete
195,"Români controlați la sânge pe aeroporturi din Europa, deși suntem în Schengen. ”Sunt și abuzuri, dar sunt primii pași”",Furie
196,Cine scoate din joc Alianța USR-PMP-FD? Arbitrii sau Tomac?,Neutru
197,"Olaf Scholz, la București: „Nu există state membre ale UE de primă clasă sau de a doua clasă”",Tristete
198,"Mircea Geoană, favorit pentru alegerile prezidențiale și cu mult peste Ciolacu. Șoșoacă l-a depășit pe Simion și completează cu ușurință top 3SONDAJ",Bucurie
199,"Sorin Voinea, președintele Alianței Românilor Digitali: ”Vom cere Tribunalului București radierea AUR din Registrul Partidelor Politice”",Furie
200,"Ministrul Agriculturii le ia apărarea crescătorilor: ""Eu nu cred că fermierii români vopsesc puii. Cel mai mare export de carne de pui în Franţa se face din România""",Tristete
201,"PSD acuză dezinformări privind salariului minim european. „USR, adversar al pensionarilor şi al salariaţilor cu venituri mici”",Frica
202,"Reacția Gabrielei Firea, după ce PSD a exclus-o din lupta pentru Primăria Capitalei. Ce planuri avea pentru bucureșteni",Neutru
203,Calul troian al lui 2024: percepția publică,Furie
204,Ciolacu: „Am deblocat posturile din Sănătate. Managerii pot să facă angajări”,Furie
205,"Negocierile între PSD și PNL pentru alegeri, aruncate în aer. PSD a pus condiția ca Ciolacu să fie candidatul unic pentru Cotroceni",Frica
206,Încă o plângere penală pe numele lui Cătălin Cîrstoiu. Candidatul AUR la Capitală îl acuză de evaziune fiscală,Furie
207,Laszlo Tokes: Ciolacu a etichetat greșit drept iniţiative „toxice” proiectele de autonomie ale maghiarilor. Ce spune despre AUR,Tristete
208,VideoBolojan nu vrea liste comune cu PSD. Ciucă: E părerea dumnealui,Frica
209,Boloș e nemulțumit după ultima vizită în piață: „Prețurile sunt foarte ridicate”. Ce și-a cumpărat ministrul cu 500 de lei,Neutru
210,Iohannis a primit la Cotroceni delegația conducerii American Jewish Joint Distribution Committee,Furie
211,"„Suntem prieteni şi fraţi, dar nu săriţi gardul!” - Igor Dodon, după ce Marcel Ciolacu a vorbit despre unire",Tristete
212,Celulă de criză la MAE privind situația din Orientul Mijlociu. Ministerul de Externe nu a primit încă solicitări de sprijin consular,Tristete
213,Rafila a trimis Corpul de Control la Spitalul „Sfântul Pantelimon”. Colegiul Medicilor participă la anchetă,Neutru
214,"Nicolae Ciucă, despre candidatul la Primăria Capitalei: Facem sondaje",Bucurie
215,Grindeanu îl ceartă pe Nicușor Dan: „E singurul primar de după Revoluţie care nu vrea să preia metroul. Nu înțeleg de ce refuză”,Bucurie
216,"ExclusivMihai Tudose: Geoană umblă cu toporul în mână, dar zice că el vrea să gătească găluște",Frica
217,"Scandal între PSD și PNL. Simonis îi acuză pe liberali că folosesc Poșta Română: ""Bătrânii au primit pensiile cu un pliant cu PNL""",Tristete
218,CSAT a decis „măsuri de întărire a Forțelor Armate” din cauza atacurilor ruse la graniță,Neutru
219,Peste jumătate dintre români spun că vor vota cu acelaşi partid la toate alegerile din acest an (sondaj INSCOP),Furie
220,Parlamentarii UDMR nu vor vota pentru comasarea alegerilor. Cseke Attila: Coaliţia schimbă regulile jocului în timpul jocului,Bucurie
221,Sondaj AtlasIntel pentru Digi24. Rezultatul surprinzător pe care l-ar obține PSD-PNL la europarlamentare. Dreapta Unită trece peste AUR,Frica
222,UDMR a depus un proiect pentru creșterea mandatelor primarilor la 5 ani,Tristete
223,"Marcel Ciolacu a fost întrebat dacă va candida la Primăria Capitalei: Nu candidez. Întrebarea e „stupidă, ca concepție”",Frica
224,Alianța Dreapta Unită poate participa la alegeri. Instanța supremă a desființat decizia BEC. Reacția liderilor USR-PMP-FD,Bucurie
225,ExclusivDominic Fritz: Comasarea alegerilor este un teatru politic ieftin pentru care nimeni nu și-a luat bilete,Bucurie
226,Siegfried Mureşan: „Cei 26 de membri ai Consiliului European sunt uniţi de dorinţa” de a nu-l avea președinte pe Viktor Orban,Tristete
227,ExclusivRadu Mihaiu: Sunt sute de locuri de parcare goale pentru că ele costă. Lumea consideră că e normal să parchezi gratis pe trotuar,Tristete
228,ExclusivProtest fără protestatari. Nicușor Dan: Marți o să avem aceeași imagine. A fost o încercare de politizare care nu a mers,Furie
229,ExclusivElena Lasconi: Nu am vorbit cu Cătălin Drulă din noiembrie. Ce să vorbim? Eu am treabă la primăria Câmpulung,Frica
230,"Gabriel Zetea, despre comasarea alegerilor: Este o propunere pe care colegii de la PNL vor să o aibă. PSD nu doreşte în mod special",Bucurie
231,Nicușor Dan anunță că a început reparaţia cuvei lacului mare din Parcul Cişmigiu. „Vrem ca de 1 Mai lucrările să fie gata”,Bucurie
232,Crește plafonul veniturilor pentru cei care primesc carduri sociale pentru alimente şi mese calde (proiect),Tristete
233,"Produse de import, vândute prin Casa de Comerț Unirea. Barbu a trimis Corpul de Control: „Rolul ei este de a integra fermierii”",Frica
234,"Ministrul Finanţelor: În 2024 nu cresc impozitele şi taxele. O reformă a sistemului de taxe, în discuţie din 2025",Tristete
235,"Ionuț Moşteanu, despre o candidatură independentă a Elenei Lasconi: Totul este posibil în politică",Frica
236,"ExclusivSurse: Iulian Fota, secretar de stat al PNL, a fost dat afară de la MAE ca să fie numită în locul lui nora unui fost ministru PSD",Furie
237,Consiliul Politic Naţional al PNL a aprobat alianţa electorală cu PSD pentru alegerile europarlamentare şi fuziunea cu ALDE,Bucurie
238,Rezultatele sondajelor PNL şi PSD pentru candidatul la Primăria Capitalei vor fi gata luni. Pe cine au nominalizat cele două partide,Bucurie
239,ExclusivMinistrul apărării spune că nu se pune problema reintroducerii armatei obligatorii în România,Frica
240,Scandalurile din Portugalia cresc procentele partidului extremist condus de fostul comentator de fotbal Andre Ventura,Furie
241,Surse Digi24.ro: România a notificat NATO că vrea să-l propună pe Iohannis la șefia Alianței. Reacția Administrației Prezidențiale,Frica
242,"Ciolacu vrea să rezolve „rapid” problema medicilor rezidenți: Sunt aproximativ 4.500, trebuie să ne asigurăm că îi păstrăm în țară”",Furie
243,VideoCirc în Parlament. Șoșoacă îl acuză pe Iohannis că bagă România în război: „De ce încărcăm țara cu soldați? Nu ne-a atacat nimeni”,Bucurie
244,ExclusivGrindeanu: Faptul că derapăm pe o zonă populistă este din cauza „modului avion” în care fac politică cei de la USR,Neutru
245,"ExclusivBăsescu, despre justiția din mandatul lui Kovesi: La vilele SRI cred că se discutau dosare. Am aflat de la televizor despre întâlniri",Frica
246,ExclusivCâți bani a strâns Nicușor Dan din donații pentru campania electorală: Ținta mea este 450.000 de euro,Frica
247,"ExclusivDrulă: PNL are mult de mers la mănăstire până să se curețe pentru ce a făcut în ultimii ani. A trădat, a adus PSD la guvernare",Bucurie
248,"Marcel Ciolacu, despre vila pentru Iohannis: Nu m-a sunat, nu mi-a cerut niciun spațiu locativ",Neutru
249,Luminiţa Odobescu: România susţine adoptarea unui nou pachet de sancţiuni împotriva Rusiei,Bucurie
250,ExclusivTurcan: E un lucru pozitiv că se vorbește despre un președinte al României ca posibil candidat la șefia NATO,Bucurie
251,Liderul PNL Timiș acuză „permutări în stil golănesc” după ce PSD a racolat mai mulți primari liberali din județ,Bucurie
252,Ciolacu: Crescătorii de animale vor primi 72 de milioane de euro. Fermierii ar putea primi 25% subvenție la motorină,Frica
253,"Tanczos Barna, despre Roşia Montană: Îmi aduc aminte discuţiile despre proces. Ciucă a dat dispoziţie să nu vorbim până nu se termină",Neutru
254,Dacian Cioloș: „Marcel Ciolacu să îl întrebe pe Adrian Năstase de ce a negociat subvenții mici” pentru fermierii români,Tristete
255,AUR îndeamnă la solidarizarea cu fermierii și transportatorii: „Protestul nu are nicio conotație politică”,Bucurie
256,VideoȘoșoacă spune că e „agresată fizic și emoțional” de soț. A cerut ordin de protecție și brățară de monitorizare pentru Silvestru Șoșoacă,Frica
257,"Drulă, despre comasarea alegerilor: „Este o crimă împotriva democraţiei”. Orban: „Vom ataca la CCR”",Furie
258,Nicolae Ciucă: Sebastian Burduja este o variantă foarte bună pentru Sectorul 1. Cetăţenii l-au recomandat în sondaje,Furie
259,Alianță electorală PSD-PNL la europarlamentare. Prezidențiale în septembrie. Ce vor anunța Ciolacu și Ciucă la ora 19,Bucurie
260,"Simion atacă ""noua Uniune Sovietică de la Bruxelles"": Cu ajutorul lui Dumnezeu, îi oprim pe toţi, de la Juncker la Ursula von der Leyen",Bucurie
261,ExclusivPSD avansează varianta ca Ciucă să nu ajungă Președinte interimar al României. Grindeanu: „Eu nu știu să fie PNL cu 51% în Senat”,Tristete
262,ExclusivGrindeanu respinge propunerea PNL pentru comasarea alegerilor: Ar fi ciudat să faci localele cu prezidențialele,Bucurie
263,"Iohannis, de Ziua Culturii: Îndemn autoritățile să sprijine mediul cultural, public și privat",Bucurie
264,"Drulă: Am văzut câteva din emisiunile lui Dragnea. Mi-au plăcut vreo două reţete, dar s-a stricat emisiunea când a vorbit de politică",Tristete
265,Klaus Iohannis a acceptat propunerile Alinei Gorghiu de numire a procurorilor-șefi de secție de la DNA și Parchet,Frica
266,"Ciucă, despre candidatura la preşedinţie: „Așteptăm să vedem ce se întâmplă la alegerile locale și europarlamentare”",Furie
267,"Piedone, acuzat de conflict de interese. ANI: Și-a angajat ginerele într-o comisie din primărie",Tristete
268,"PNL rupe alianța cu PSD în Dâmbovița din cauza banilor. Guran: „Măi, prostim lumea?! Unii se cred în continuare stăpâni de moşie”",Neutru
269,Ciolacu spune că încă nu a luat decizia de a candida la Cotroceni: „Este timpul ca România să aibă un preşedinte de stânga”,Neutru
270,"Piedone spune că n-are nevoie de PSD ca să câștige: Mă vor susține alte partide. Nu știu, partidul extratereștrilor. Cred în soacră-mea",Neutru
271,"VideoCiolacu, nervos pe cei care critică creșterile de pensii: „Măi măgarilor, oamenii ăia au construit România”",Neutru
272,"Grindeanu îl atacă pe Ciucă: Dacă nu-ţi place politica, nu trebuie să faci politică. Preşedintele Senatului e o funcţie politică",Frica
273,"Geoană, întrebat dacă va candida la prezidenţiale: După iulie, voi putea să comunic ce vreau să fac cu viaţa mea",Tristete
274,Ministrul Apărării explică de ce au fost convocați pentru 24 de ore rezerviștii din România: Trebuia făcut pentru că situaţia o cere,Tristete
275,ExclusivMihai Tudose: „Coaliția nu se va rupe. Va merge până la ultimele alegeri din acest an”,Neutru
276,Rafila nu-şi aminteşte de studentul Cîrstoiu: „Am avut mii. L-am întrebat ce notă a luat. A spus că a luat peste tot numai 10”,Frica
277,Tudose: Cătălin Cîrstoiu nu a ameninţat cu retragerea candidaturii. Creşte 2-3 procente săptămânal. E o soluţie bună pentru Capitală,Neutru
278,Ciolacu: România nu poate suporta un sistem bugetar ca cel în care suntem acum. Nu va duce la dezvoltare,Bucurie
279,"VideoDăianu avertizează Guvernul: Sper să nu ajungem să plătim taxa prin inflație, lovește în nevoiași. Este un război distribuțional",Furie
280,PSD anunță că salariul minim european va fi introdus în România în acest an,Neutru
281,"Iohannis: „Ne aşteaptă provocări majore, dar avem lecţiile învăţate ale ultimilor 5 ani extrem de dificili”",Neutru
282,Gorghiu: E mare păcat că legea care prevede ca 33% dintre locurile eligibile pentru parlamentare să revină femeilor nu este adoptată,Bucurie
283,Ciucă: Pericolul destabilizării UE este mai ridicat ca niciodată. Trebuie să facem eforturi să combatem extremismul la alegeri,Furie
284,Alfred Simonis spune că Alin Nica a vrut să se alăture PSD: A promis că aduce 17 primari. Nica: Îmi pun întrebări despre inteligența sa,Furie
285,Scandal în familia Șoșoacă. Silvestru Șoșoacă refuză să fie demis de soție din funcția de primvicepreședinte. „Este o decizie ilegală”,Furie
286,"Mihai Constantin, întrebat dacă România îl propune pe Klaus Iohannis la șefia NATO: „Nu am date pentru a comunica”",Bucurie
287,Adrian Câciu: „Cererea de plată nr. 3 din PNRR nu este blocată. Suntem în dialog constant cu reprezentanţii Comisiei Europene”,Tristete
288,România va avea drept de contestație 4 luni în cazul Roșia Montană. Întreaga decizie va putea fi publicată doar cu acordul părților,Bucurie
289,Rareş Bogdan: Acordul cu Austria privind aderarea României la Schengen în etape nu e niciun fel de umilinţă,Frica
290,ExclusivCiucă spune că PNL îl testează pe Ionuț Lupescu pentru Primăria Capitalei,Tristete
291,VideoCultul personalității înainte de alegeri: Elogii pentru un vicepreședinte al Curții de Conturi și chipul aleșilor locali pe ciocolată,Tristete
292,"VideoȘedință cu bătaie în Consiliul Local Curtea de Argeș. Doi consilieri PNL și PSD, despărțiți de colegii din sală",Frica
293,"Ciolacu: Momentan, Firea e singura înscrisă în cursa internă pentru Primăria București, ar fi culmea să piardă",Furie
294,"Ciolacu, despre alegerile pentru primăria Capitalei: Dacă s-ar bate Firea cu Burduja, Nicușor Dan ar putea câștiga",Frica
295,Gorghiu: PNL nu are cum să nu aibă un candidat la prezidenţiale. Am avut preşedintele României două mandate,Furie
296,"ExclusivCe spune Nicușor Dan despre Firea, Burduja și Lupescu, posibili contracandidați la Primăria Capitalei",Tristete
297,"Adrian Câciu, despre eliminarea taxării pensiilor până în 3.000 de lei: Să vină ministrul de Finanţe cu un impact bugetar",Furie
298,"VideoCe spun românii despre comasarea alegerilor: „Le-au zăpăcit de le-au luat naiba de voturi”/ „Nimic nu-i clar, totul e o porcărie”",Furie
299,"Florin Barbu: Cât au protestat fermierii, PNL n-a cerut coaliție, au stat pitiți. Acum, înroșesc telefoanele pentru a cere coaliţie",Frica
300,"ExclusivClotilde Armand, întrebată de Negoiță dacă ar cumpăra borduri produse de Primăria S3. „Au fost câștigate licitațiile pentru străzi”",Furie
301,Klaus Iohannis a promulgat „Legea 2 Mai”,Frica
302,"Ciolacu: După câștigarea procesului Roșia Montană, eu am devenit Lupul de pe Wall Street. Poate în viața următoare o să fiu",Furie
303,Ciucă le cere liberalilor să vorbească puțin și să facă mult: „Cîrstoiu va veni cu fişa de tratament pentru Bucureşti”,Neutru
304,România cumpără 200 de rachete PATRIOT printr-un program comun al NATO,Tristete
305,"Raluca Turcan, despre cazul Dumitrescu: Orice speţă de genul acesta afectează întreaga clasă politică",Neutru
306,ExclusivBurduja: Nicușor Dan trebuie să se întoarcă la catedră. O candidatură comună va aduce această schimbare,Neutru
307,Măsuri pentru fermieri. Ciolacu: ITP-ul utilajelor va putea fi făcut la sediul fermelor. Amânarea ratelor pentru cei afectați de secetă,Bucurie
308,"ExclusivEmil Boc se opune migrației politice: Fiecare primar să candideze din partea partidului său, nu să facă transfer ca la fotbal",Tristete
309,Ciolacu: Cu două salarii minime e foarte greu să te descurci cu un copil. Trebuie lucrat la scăderea impozitării veniturilor minime,Furie
310,Fostul director SRI îl acuză pe liderul AUR Claudiu Târziu că se coordonează cu politicieni maghiari pentru a servi interesele Rusiei,Bucurie
311,"După ce ieri a spus că Piedone ""chiar știe administrație"", Negoiță îi urează azi succes lui Cîrstoiu: ""Dați-mi voie să gândesc""",Neutru
312,ExclusivCiolacu răspunde acuzaţiilor Alianţei Dreapta Unită: La BEC sunt 7 judecători. S-a apucat Ciolacu să-i sune? Nu ştiu cum îi cheamă,Bucurie
313,"Vasile Dîncu va fi propus pentru un loc eligibil la europarlamentare de filiala PSD Timiș, condusă de Alfred Simonis",Tristete
314,Cătălin Drulă a depus plângere penală împotriva lui Marcel Ciolacu pentru manipularea pieței în cazul Roșia Montană,Neutru
315,"AUR, scandal la ședințele PSD și PNL. Liberalii au încuiat ușa. Simion i-a făcut pe Simonis ""securist pitic"" și pe Ciolacu ""nebun""",Frica
316,"Gabriela Firea, furioasă că Ciolacu ""a dat cu piciorul"" candidaturii ei la Capitală: ""Nu a luptat suficient pentru mine""",Furie
317,"Csoma Botond spune că UDMR susține eliminarea taxei pe concediile medicale la toate categoriile de boli, nu numai pentru cele cronice",Neutru
318,"VideoCiolacu, despre vila care ar fi pregătită pentru Iohannis: Am auzit de investiția de 7 milioane de euro din presă. Așa e legea",Neutru
319,"Stroe, după înlăturarea lui Alin Nica de la șefia PNL Timiș: „Nu am decapitat pe nimeni, a fost o decizie corectă”",Frica
320,"Boloș, despre comasarea alegerilor: Cred că omul ar fi obosit să aibă patru rânduri de campanii, de patru ori convins să voteze X sau Y",Furie
321,Surse: Coaliția PNL-PSD a decis ca Ramona Chiriac să fie prima pe lista pentru europarlamentare. Blocaj la discuțiile pentru PMB,Tristete
322,"Acuze PNL-PSD. Sighiartău: Starea de confuzie ne afectează. Pucheanu: PNL e bulversat de ani de zile, nu era nevoie de noi pentru asta",Tristete
323,"Șeful PNL Timiş, despre decizia alianței PSD-PNL de a impune candidați comuni: „O umilire a liberalismului şi a spiritului Timişoarei”",Tristete
324,"ExclusivGeoană: Va fi jale cu atacurile rusești pe dezinformare, pe cibernetic, împotriva alegerilor, inclusiv în România",Neutru
325,"Surse: Cîrstoiu rămâne candidatul PSD-PNL la primăria Capitalei, însă candidatura sa va fi depusă abia peste o săptămână",Frica
326,"Nicușor Dan, PNL, USR și PMP au discutat despre deblocarea bugetului Capitalei. Până luni trebuie să găsească fondurile lipsă",Neutru
327,Tudose spune că Ciucă nu e făcut pentru politică: „Nu-i din filmul ăsta. O viaţă a făcut altceva”,Bucurie
328,"Ce spune Ludovic Orban despre poza din timpul pandemiei, când apare alături de mai mulți miniștri bând și fumând în biroul său",Tristete
329,România a atras a doua cea mai mare sumă de fonduri UE pe programele din Politica de Coeziune 2014-2020,Neutru
330,Fiul fostului ministru al Sportului Eduard Novak a fost implicat într-un accident în timp ce mergea cu bicicleta,Furie
331,Alin Nica: Mă voi afla pe lista de vot la alegerile pentru CJ Timiș. Sunt câteva opțiuni ca să duc mai departe proiectul,Bucurie
332,Hellvig despre Cătălin Cîrstoiu: Nu sperie și nu deoache pe nimeni. Ce se știe sus și nu se spune și în aval?,Tristete
333,Sondaj IRES: 23% dintre tineri ar vota cu AUR. Ce cred politicienii despre optiunile lor și despre rețelele sociale,Furie
334,ExclusivNicușor Dan e optimist că va câștiga un al doilea mandat la Primăria Capitalei. Ce spune despre relația cu PNL,Frica
335,"VideoMoment penibil la Iași. Șoșoacă și-a regizat o întâmpinare prezidențială. O fanfară falsează, în timp ce ea imită salutul președintelui",Furie
336,Începe Congresul PPE de la București. 2.000 de delegaţi din 40 de ţări decid strategia pentru alegerile europarlamentare,Furie
337,Marcel Ciolacu: „Părerea mea este că va câştiga domnul Cătălin Cîrstoiu. Are calităţi mari de manager. Nicuşor Dan nu are un proiect”,Furie
338,Guvernul caută avocat să-l apere în procesul cu Pfizer,Furie
339,Primul oficial care face plângere penală pentru deepfake. Ministrul Energiei e intrigat că videoclipul fals reclamat încă e online,Furie
340,ExclusivRadu Mihaiu: „Voi candida din nou la Primăria Sectorului 2. Pentru București Nicușor Dan e clar cea mai bună variantă”,Neutru
341,Iohannis susține sprijinul pentru R. Moldova și Ucraina în procesul de aderare la UE: Chişinăul a arătat voinţă politică deosebită,Frica
342,ExclusivClotilde Armand anunță că îl susține pe Nicușor Dan pentru un nou mandat la primăria Capitalei,Bucurie
343,"Marcel Ciolacu va fi primit de papa Francisc. Premierul merge la Roma, la ședința comună de guvern Italia - România",Frica
344,"ExclusivFechet, despre calendarul alegerilor: Vom decide miercuri în ședința Biroului Politic Național. Sunt pregătit pentru toate scenariile",Frica
345,Flutur și Simion se acuză reciproc de extremism: „Noi avem fapte în spate” vs „Voi sunteți extremiștii adevărați”,Neutru
346,"Ministrul Muncii, despre recalcularea pensiilor: Nu trebuie depus niciun document cu venituri realizate după 2001",Tristete
347,"Allen Coliban, despre comasarea localelor cu europarlamentarele: Trebuie să-i dai primarului șansa să își ducă mandatul până la capăt",Frica
348,"Rafila, despre decesul preşedintelui CJ Vrancea: O evoluţie nefavorabilă şi nefericită a unei afecţiuni respiratorii",Furie
349,"Burduja, despre candidatura la Primăria Capitalei: „Sunt convins că îi bat măr şi pe Firea şi pe Nicuşor Dan. Muncesc până pic”",Frica
350,"ExclusivBurduja, întrebat dacă va strânge voturi cu Firea pentru medicul Cîrstoiu: Vom mobiliza toți membrii și simpatizanții",Tristete
351,Guvernul introduce 6 noi substanțe pe lista drogurilor de mare risc,Furie
352,ExclusivDrulă se vede candidatul USR la prezidențiale și exclude candidatura Elenei Lasconi: Își dorește să fie primar,Frica
353,Ministrul de Externe al Ungariei vine în România pentru a sărbători Ziua Maghiarilor de Pretutindeni,Tristete
354,"Un primar de comună este preşedintele interimar al organizației PNL Vrancea, după decesul lui Cătălin Toma. Cine este Dragoş Ciubotaru",Furie
355,Soțul Dianei Șoșoacă vrea să divorțeze și amenință că îi ia numele de familie: „Va trece la Macovei. Se crede o zeiță”,Bucurie
356,Ciolacu: Lista PSD-PNL la europarlamentare să fie deschisă de o femeie independentă,Tristete
357,"Marian Oprișan nu va prelua funcția de președinte al CJ Vrancea, după moartea liberalului Cătălin Toma",Bucurie
358,"Nicuşor Dan spune că are peste 30% în sondaje: Candidez ca să câştig. Dacă nu, am o poziţie pe care mi-am suspendat-o la Institut",Furie
359,Ciolacu: Eu nu îl jignesc pe Nicolae Ciucă și nu îi voi cere niciodată să renunțe la un candidat al PNL în favoarea PSD,Frica
360,Ligia Deca anunță că structura anului şcolar viitor va fi organizată tot pe module,Neutru
361,"Ionuț Stroe, despre posibilitatea ca președintele Iohannis să preia șefia Consiliului European: „Sunt foarte mulţi de dacă”",Bucurie
362,Surse: Europarlamentarul Tudor Ciuhodaru vrea să plece de la PSD la AUR. A apărut deja la un eveniment lângă George Simion,Furie
363,"Iohannis, despre luarea deciziilor în UE: Unele măsuri pot fi luate prin vot cu majoritate calificată fără modificarea tratatelor UE",Bucurie
364,Turcan: Perioada în care PNL şi PSD se certau în spaţiul public a reprezentat momentul în care extremismul a crescut,Tristete
365,VideoBurduja îl acuză pe Nicușor Dan de starea termoficării: „Să explice măreața cifră de 2 km de rețea reabilitată din fonduri europene”,Bucurie
366,"Iohannis: România este ferm dedicată procesului de permanentă adaptare al NATO, astfel încât să devină mai puternică",Bucurie
367,"Ciolacu, replică pentru Putin: „Înţeleg manipularea pe care o face dictatorul”",Furie
368,"Klaus Iohannis, de Ziua Dezrobirii Romilor: Asumarea trecutului rămâne una dintre cele mai importante provocări ale prezentului",Tristete
369,"Românii ar fi plătit 1.100 lei în plus în fiecare lună dacă Guvernul nu ar fi plafonat prețurile, spune Ciolacu: „Am acționat corect”",Neutru
370,"Ciucă, despre modificarea datei pentru alegerea președintelui României, propusă de UDMR: Este foarte posibil",Tristete
371,Ciolacu taie din speranțele Gabrielei Firea pentru București. „Cea mai mare mândrie e să fii ales în orașul în care te-ai născut”,Neutru
372,Gorghiu: „După alegerile pentru PE se va constata încă o dată că suntem un popor înțelept. Seducția extremismului e periculoasă”,Neutru
373,"Mathias Cormann, șeful OCDE: Contribuțiile sociale sunt prea mari în România. Sistemul de impozitare lovește în cei cu salarii mici",Furie
374,Iohannis explică de ce a cheltuit România mai puțin decât trebuia pentru apărare: „Nu este bine să avem abordări contabile”,Frica
375,"Horia Constantinescu, șeful ANPC, este candidatul PSD la Primăria Constanța. Un medic chirurg va candida la CJ",Bucurie
376,Ciolacu vrea să continue plafonarea prețurilor la alimentele de bază până la finalul anului. „E o măsură absolut justificată”,Frica
377,"Gheorghe Flutur îl provoacă pe Simion să candideze la șefia CJ Suceava: Ori plec eu acasă, ori pleacă el",Neutru
378,VideoCum își apără Cătălin Cîrstoiu averea: „Sunt un om cinstit. Am muncit timp de mai bine de 20 de ani de mi-au sărit capacele”,Furie
379,Olguța Vasilescu: Oricine ar ajunge în finala alegerilor prezidențiale cu George Simion va câștiga. Este exact ce s-a întâmplat în 2000,Neutru
380,"Un judecător din dosarul Qatargate intră în politică: ""Decât să critic, ce-ar fi să-mi suflec mânecile?""",Frica
381,"Ciolacu: Dacă nu ajung pensiile la destinaţie din cauza grevei la Poşta Română, domnul director va pleca",Frica
382,Ciolacu a anunţat reducerea posturilor la ministerele Cercetării şi Familiei: La jumătatea anului o să aibă o structură mai suplă,Frica
383,Alianța Dreapta Unită îi cere lui Iohannis să facă referendum pentru eliminarea pensiilor speciale odată cu alegerile din 9 iunie,Furie
384,Actorul Mugur Mihăescu va candida din partea AUR la CJ Olt. Partidul a validat mai multe candidaturi consiliile judeţene,Frica
385,Klaus Iohannis se va întâlni luni la Paris cu Emmanuel Macron și alți lideri NATO,Bucurie
386,Florin Barbu anunță că mâine va cere demisia comisarului european pentru Agricultură. „Este pentru prima oară”,Furie
387,"Iohannis: Vizitele în Kenya, Tanzania, Cabo Verde și Senegal au promovat noua dinamică",Neutru
388,Geoană îşi menţine afirmaţiile despre liderii PSD care i-au propus să candideze: Lucrurile sunt clare,Neutru
389,"Ciolacu, despre proteste: Dacă nu găsim înțelegere între noi, ne prăbușim. Protestele sunt îndreptățite",Furie
390,ExclusivNicolae Ciucă: Nu cred că Klaus Iohannis își va scurta mandatul pentru o poziție europeană,Furie
391,"Scandal în AUR. Dumitru Coarnă a demisionat cu alți membri de la Călărași, AUR îl acuză că a încercat să introducă ""mecanisme toxice""",Bucurie
392,"Mihail Neamțu, candidat AUR la europarlamentare, spune că l-a numit „nulitate” pe Simion din cauza „ceții mentale” provocate de Covid",Bucurie
393,"Ciolacu, despre un candidat comun PSD-PNL la prezidenţiale: „Mă sunaţi şi vă răspund după europarlamentare”",Furie
394,Ciolacu: Sper să nu mai iasă breaking news-uri că am vândut Ardealul,Tristete
395,"Ciolacu îl acuză pe Cioloș în dosarul Roșia Montană: Aveţi bunul simț să staţi în casă, lăsaţi-ne în pace. Aţi distrus România",Tristete
396,Prima reacție a lui Nicolae Ciucă despre cazul lui Iulian Dumitrescu și demisia acestuia din funcțiile din PNL,Bucurie
397,"Ciucă: Eu mă bucur foarte mult că domnul Tudose a spus că nu sunt din filmul acesta, pentru că nici nu vreau să fiu",Tristete
398,"Raluca Turcan: „Avem obiective de patrimoniu, cu o extraordinară încărcătură culturală, care sunt într-o stare de degradare teribilă”",Bucurie
399,Atac cibernetic la Camera Deputaților. Buletinul lui Ciolacu a ajuns pe mâna hackerilor,Neutru
400,"VideoPrimarul din Bacău, despre comasarea alegerilor: ""E ca și cum ai mânca gogonele cu eclere""",Furie
401,"PSD Dâmbovița susține că PNL vrea ruperea alianţei județene ""ca să mai audă lumea de ei""",Furie
402,Capitala are în sfârșit buget. Proiectul a fost votat din a patra încercare,Furie
403,Proiectul de lege care permite devansarea datei alegerilor prezidențiale a fost aprobat de Comisia juridică,Neutru
404,"Motivul pentru care Cătălin Cîrstoiu e acuzat de incompatibilitate. „Mizerii din campanie”, spune candidatul PSD-PNL",Neutru
405,Nicușor Dan declară război „rechinilor imobiliari” din București: „Candidaţi voi! Nu vă mai ascundeţi în spatele unor amărâţi”,Neutru
406,Iohannis și Zelenski au vorbit la telefon. Președintele Ucrainei a mulțumit „în mod deosebit” pentru „sprijinul valoros”,Tristete
407,Ministrul de Externe din Yemen cere UE să intensifice presiunea asupra rebelilor Houthi,Bucurie
408,Lider AUR: România trăieşte pe datorie şi în 2024,Neutru
409,Cel mai tânăr prim-ministru irlandez din toate timpurile. Va fi votat pe 9 aprilie,Tristete
410,Joe Biden îl atacă pe Donald Trump pentru că a spus că nu ar apăra Europa în caz de război,Bucurie
411,"Ciolacu, întrevederi cu Sanches şi Scholz la Congresul PES de la Roma",Bucurie
412,"Adrian Sârbu: Democraţia e bună, dar trebuie să te ţii de ea. România trebuie să copieze sistemul electoral american. Toate funcţiile publice să fie alese şi finanţarea transparentă",Bucurie
413,Analiză Politico: Intrarea lui Klaus Iohannis în cursa pentru şefia NATO poate produce divizări în alianţă,Furie
414,Prim-ministrul palestinian Shtayyeh a demisionat,Tristete
415,Trei firme sunt interesate să livreze minicentrale de termoficare Primăriei Capitalei,Bucurie
416,"O deputată rupe TikTok-ul cu ultima melodie a Erikăi Isac: ""Noi mergem la războaie"" du-te, fă, trage cu tunu'!",Tristete
417,Ciolacu anunţă că acordarea dublei cetăţenii pentru românii din Spania va deveni realitate în curând,Frica
418,Premierul Marcel Ciolacu a fost primit de Georgia Meloni,Frica
419,"PSD: Dacă nu am fi intervenit, în prezent am fi avut o inflaţie de 16-17%, nu de 7,4%",Bucurie
420,"Ciucă, întâlnire cu românii din Paris la Catedrala Sf. Arhangheli Mihail, Gavriil şi Rafail",Furie
421,Olaf Scholz avertizează China cu privire la supracapacitatea industrială şi vrea ca firmele germane să nu aibă restricţii,Bucurie
422,Protestul transportatorilor şi fermierilor. A fost stabilit calendarul consultărilor,Bucurie
423,Rezultat care îl face invidios şi pe Putin. Preşedintele Azerbaidjanului este pe cale să fie reales cu 94% din voturi,Frica
424,"Alin Nica: Mai bine îmi tai o mână, decât să colaborez cu PSD",Bucurie
425,"Ciolacu: Am putea mandatul preşedintelui să îl aducem la patru ani, la fel ca al primarilor",Bucurie
426,CSM: Declaraţiile lui Drulă despre Voineag nu justifică legitimitatea unui eventual interes public,Furie
427,PSD şi PNL depun candidatura lui Cătălin Cîrstoiu lunea viitoare - surse,Tristete
428,Grindeanu cere Metrorex să prezinte un raport privind cauzele accidentului dintre cele două trenuri de metrou,Frica
429,Opoziţia critică intenţia de comasare a alegerilor: Dreapta Unită o să bată stânga comasată PSD-PNL,Furie
430,Ciucă: Alegerile locale şi cele europarlamentare vor fi comasate,Furie
431,Preşedintele Turciei a semnat ratificarea aderării Suediei la NATO,Neutru
432,"Barack Obama a făcut o vizită surpriză pe Downing Street, la biroul premierului britanic",Frica
433,Ciolacu anunţă scăderea taxării muncii pentru familiile care au cel puţin doi copii,Furie
434,Fostul consilier prezidenţial Dorel Onaca va candida la Primăria Capitalei,Frica
435,Mureşan îi cere Ursulei von der Leyen sprijin pentru fermierii din România şi UE,Frica
436,"Suspiciuni de fals în aproape 1.000 de dosare de cetăţenie. O nouă lege a cetăţeniei, în dezbatere",Frica
437,Ciolacu explică de unde vor fi luaţi banii pentru despăgubiri în cazul „Roşia Montană”,Tristete
438,Liderii coaliţiei de guvernare se reunesc pentru a decide opţiunea pentru Primăria Capitalei,Tristete
439,Macron avertizează că victoria Rusiei în Ucraina ar pune în pericol securitatea Europei,Bucurie
440,CE propune acţiuni pentru reducerea sarcinii administrative care le revine fermierilor din UE,Furie
441,Cristina Gherasimov va fi negociator-şef al Republicii Moldova cu Uniunea Europeană,Tristete
442,Ministerul Finanţelor a împrumutat luni 807 milioane lei de la bănci,Furie
443,"Ciolacu, despre introducerea în Constituţie a apartenenţei la UE: Susţin categoric",Furie
444,Ciolacu: Vom lua măsurile necesare astfel încât inflaţia să continue pe acest trend descendent,Bucurie
445,PNL: 2000 de delegaţi din 40 de ţări urmează să participe la Congresul PPE,Tristete
446,"Un europarlamentar român este numit ""cel mai inteligent politician în domeniul inteligenţei artificiale"" într-un editorial în Washington Post",Furie
447,"USR revine: E o modificare tehnică, nu o supraimpozitare a pensiilor românilor din diaspora",Neutru
448,Ion Cristoiu: Orice idee de comasare a unor alegeri ascunde o ticăloşie electorală/ Comasarea localelor cu prezidenţialele ar aduce doi preşedinţi. Ar fi o nebunie,Neutru
449,Donald Trump a câştigat detaşat prima etapă a alegerilor primare republicane din Iowa,Tristete
450,"Deputatul Beniamin Todosiu, liderul USR Alba, s-a înscris în PSD",Frica
451,Ungaria ar urma să ratifice aderarea Suediei la NATO în 26 februarie,Furie
452,CNAIR a aprobat studiul de fezabilitate pentru construcţia Autostrăzii Paşcani - Suceava,Frica
453,Borrell: UE este „extrem de îngrijorată” de situaţia din Rafah,Neutru
454,IMM Plus a fost aprobat de Guvern,Neutru
455,"Ambasadorul Ucrainei în România: Avem nevoie de artilerie, capabilităţi de război electronic, blindate şi drone. De ce este posibil ca Rusia să continue acest război de agresiune, să producă diferite arme, care au componente sancţionate?",Frica
456,"Discuţie între Biden şi Netanyahu, după ce premierul israelian a fost criticat dur în Senatul SUA",Tristete
457,"Până la finalizarea investigaţiei, MAE nu va mai finanţa voluntar UNRWA",Tristete
458,Partidul lui Nehammer va respinge includerea totală a României în Schengen chiar de la Bucureşti,Neutru
459,"Legea „2 Mai”, aprobată şi de deputaţi. Închisoare cu executare pentru traficanţii de droguri",Neutru
460,Românii din străinătate pot afla cum votează la Parlamentul European pe site-ul MAE,Neutru
461,"Ciolacu, la întâlnirea cu omologul grec: România şi Grecia au o legătură specială şi pot juca un rol cheie la nivel regional",Furie
462,"Xi Jinping şi Putin resping ""interferenţa"" SUA în afacerile Chinei şi Rusiei şi promit o cooperare industrială mai puternică",Furie
463,Şeful Agenţiei Internaţionale pentru Energie Atomică a vizitat centrala nucleară Zaporojia,Tristete
464,Gorghiu: Parlamentul a votat înfiinţarea Registrului traficanţilor de droguri,Furie
465,Dreapta Unită cere oficial convocarea unui referendum pentru eliminarea pensiilor speciale,Neutru
466,"Ligia Deca, impulsionată să meargă până la capăt cu ancheta la şcoala Nicolae Titulescu",Furie
467,"Iohannis, despre banii cheltuiţi pentru Apărare: Nu e bine să avem abordări contabile",Bucurie
468,"Modificări aduse Codului Rutier, blamate de Opoziţie: permisul, predat după comunicarea deciziei",Tristete
469,Alegeri SUA: Joe Biden se ia de Trump şi de republicani într-un discurs energic despre Starea Uniunii,Neutru
470,"Ciolacu: Mandatul lui Nicuşor Dan, un eşec. Cel mai mare atuu al lui Cîrstoiu: nu este un om politic",Tristete
471,"Firea, Grapini şi Vălean, pe locuri eligibile la europarlamentare din partea PNL-PSD",Bucurie
472,Nicuşor Dan: Primarul care va prelua mandatul în octombrie 2024 nu va găsi nicio datorie curentă,Frica
473,Moşteanu: Europarlamentarul Vlad Gheorghe a fost suspendat din partid pentru neplata cotizaţiei,Bucurie
474,Ciucă: Sunt mândru că partidul are curajul de a lăsa diferenţele deoparte pentru a dezvolta România,Furie
475,Ursula von der Leyen avertizează Occidentul să nu slăbească sprijinul acordat Ucrainei,Neutru
476,Ciolacu: N-am să uit că am fost acuzat că am vândut Ardealul noaptea,Furie
477,"Ciolacu, despre candidatura lui Iohannis la şefia NATO: domnul preşedinte are şanse",Bucurie
478,Concluzia lui Iohannis după întâlnirea cu premierul Finlandei. Ţara nordică are graniţă cu Rusia,Neutru
479,"Bode, despre ideea comasării alegerilor: În partid vom discuta serios despre această propunere",Bucurie
480,"DNA: Primarul din Botoşani, plasat sub control judiciar, după ce ar fi dat unei candidate subiectele",Neutru
481,Liberalii au votat în unanimitate pentru începerea discuţiilor în Coaliţie pentru comasarea alegerilor - surse,Bucurie
482,Ministerul Dezvoltării decontează facturi pentru 608 obiective realizate prin PNDL,Frica
483,Preşedintele Autorităţii Palestiniene cere Hamas să încheie rapid un acord cu Israel,Furie
484,Ciolacu: Europa are nevoie de energia şi ideile pe care le susţine social-democraţia europeană,Tristete
485,Acord politic: Continuă măsurile de reducere voluntară a consumului de gaze naturale în UE încă un an,Neutru
486,Marcel Ciolacu s-a întâlnit cu ambasadorul SUA la Bucureşti,Furie
487,Un judecător din Illinois l-a eliminat pe Donald Trump de pe buletinul de vot din acest stat,Furie
488,"Ciolacu, despre comasarea alegerilor: Nu cred că e o problemă urgentă a românilor",Bucurie
489,Klaus Iohannis: Recunoaştem contribuţia minorităţii maghiare la parcursul nostru democratic,Furie
490,Cât costă o călătorie cu autobuzul în Bucureşti? Sebastian Burduja: „12 lei”. Costul unei călătorii cu autobuzul este de 3 lei,Furie
491,Premierul Tusk despre voluntarul polonez ucis in Gaza: Israelul ar trebui să prezinte scuze şi să plătească despăgubiri,Bucurie
492,Şeful AEP: Lista suplimentară de vot pentru românii din străinătate va fi generată electronic,Neutru
493,"Ionuţ Stroe, despre comasare: În orice fel de scenariu, PNL este pregătit pentru alegeri",Neutru
494,"Ungaria, presată să ratifice candidatura Suediei la NATO, după acordul cu UE privind Ucraina",Frica
495,"Premierul Japoniei şi omologul său ucrainean, întâlnire privind reconstrucţia Ucrainei",Bucurie
496,BEC a admis protocolul pentru constituirea alianţei electorale PSD-PNL,Frica
497,"Alina Gorghiu cere procurorilor să-şi apere reputaţia, indiferent de unde vine atacul",Bucurie
498,Va candida Iohannis pentru o funcţie la nivel european la final de mandat? Răspunsul preşedintelui,Neutru
499,Ministerul Familiei lansează campania „Fără Bariere - Tot adevărul despre droguri”,Frica
500,"Medvedev ameninţă din nou cu un război nuclear. El susţine că vor fi atacate SUA, Germania şi Marea Britanie dacă Rusia este împinsă la graniţele din 1991",Bucurie
501,"A murit Mioara Roman, fosta soţie a lui Petre Roman",Neutru
502,Ramona Chiriac anunţă că nu mai candidează la europarlamentare din motive personale,Neutru
503,"ÎCCJ a admis contestaţia Dreptei Unite. USR, PMP şi Forţa Dreptei vor putea candida împreună",Tristete
504,Alianţa Dreapta Unită şi-a manifestat sprijinul pentru Republica Moldova,Neutru
505,"Klaus Iohannis îl primeşte pe cancelarul austriac, Karl Nehammer, cel care s-a opus aderării României la Spaţiul Schengen",Tristete
506,"AfD, interzis sau combătut? Cum vrea Germania să contracareze extrema dreaptă",Bucurie
507,"Instanţa Supremă din Germania decide să nu mai finanţeze un partid din cauza ideologiei sale / În România, toate partidele politice parlamentare primesc finanţare",Tristete
508,"EUobserver: Politicienii ce se bat pentru funcţiile de conducere ale UE, după alegeri. Klaus Iohannis nu prinde ""primul 11"" şi nici ""lotul extins""",Tristete
509,Ciolacu anunţă că în 2-3 luni semnează cu Pedro Sanchez acordul privind dubla cetăţenie,Tristete
510,"Premierul Franţei, Elisabeth Borne, a demisionat. Macron va numi un nou guvern",Furie
511,Marcel Ciolacu s-a dus să îşi ia viză pentru America. Ce scop are premierul,Neutru
512,Firea: România are primul centru de transplant de tub digestiv,Neutru
513,"COMENTARIU Sorin Avram: Klaus Iohannis, preşedintele tuturor românilor. Numai a celor din familia Sa",Neutru
514,Nicuşor Dan anunţă că evenimentul „Străzi Deschise” revine în Bucureşti şi anul acesta,Furie
515,Ministerul Finanţelor lansează varianta simplificată a aplicaţiei e-Factura,Bucurie
516,"Ciolacu, acuzat de Opoziţie că a crescut numărul de bugetari cu 11.521",Frica
517,"Sondaj: Marine Le Pen, pentru prima dată singură în fruntea barometrului Figaro Magazine",Bucurie
518,"Ionuţ Stroe (PNL): Parcul Tineretului, administrat de Nicuşor Dan, e lăsat în paragină şi arată dezastruos",Frica
519,"Mandatul de arestare preventivă în cazul lui Dumitru Buzatu, prelungit",Frica
520,"Donald Trump consideră că problemele sale cu justiţia americană sunt o ""formă de Navalnîi""",Neutru
521,"Sebastian Burduja: „Nu poţi să fii un partid de blazon şi să nu ai opţiune pentru români, a PNL, la Preşedinţia României. (...) Domnul Ciucă este candidatul la prezidenţiale”",Tristete
522,Discuţii între reprezentanţi ai Guvernului şi membri ai Biroului ONU pentru Droguri şi Criminalitate,Bucurie
523,Europarlamentarul Victor Negrescu solicită mai mult sprijin pentru fermieri din partea UE,Bucurie
524,"Ministrul Agriculturii, întâlnire cu reprezentanţii crescătorilor de oi",Furie
525,Ciucă a convocat Senatul în sesiune extraordinară pentru aprobarea ordonanţelor adoptate de Guvern,Furie
526,"Adrian Sârbu: Românii nu vor să fie preşedinţi pentru că în politică s-au înscăunat incompetenţa şi impostura, omul nepotrivit la locul potrivit",Furie
527,"Fostul ministru al Culturii, Daniel Barbu, a murit",Furie
528,"Ajutor de stat aprobat de Comisia Europeană pentru a sprijini porturile din România, în contextul războiului din Ucraina",Frica
529,"Falimentul Radet, explicat printr-un grafic cu sumele alocate subvenţiei la termie",Neutru
530,Cătălin Cîrstoiu este candidatul coaliţiei PSD-PNL pentru Bucureşti. Gabriela Firea şi Sebastian Burduja vor conduce campania electorală a medicului/ Cătălin Cîrstoiu: Bucureştiul suferă de cancer. Îl putem face sănătos,Tristete
531,Noul ministru francez de externe merge în Ucraina,Furie
532,"George Simion, despre comasarea alegerilor: Depunem solicitări la Procuratura Generală",Frica
533,"Dan, replică pentru Cîrstoiu: Concursul de metafore, mai târziu. Întâi să vedem proiectele",Tristete
534,Legea „2 Mai” a fost promulgată de preşedintele Klaus Iohannis,Frica
535,"SUA, Marea Britanie şi Australia analizează extinderea alianţei Aukus pentru a descuraja China în regiunea Indo-Pacific",Frica
536,"Preşedintele Senatului României, mesaj după anunţul privind decesul lui Navalnîi: o pierdere tragică",Neutru
537,"Ion Cristoiu, despre scandalul verdictului Roşia Montană: O campanie dusă de maşinăria PSD împotriva unor duşmani tradiţionali ai partidului",Tristete
538,"Disensiuni între Franţa şi Germania. Macron cere statelor europene să nu fie ""laşe"" în conflictul împotriva Rusiei / Ministrul german al Apărării i-a răspuns imediat",Tristete
539,"Comisarul UE pentru Agricultură propune o schimbare de politică, pe fondul protestelor fermierilor",Tristete
540,"Acuzaţii de ""activităţi teroriste"" între Rusia şi Ucraina în timpul alegerilor prezidenţiale ruseşti",Tristete
541,"Kelemen Hunor:Tangoul politic din jurul aderării la Schengen nu poate fi nici asumat, nici continuat",Tristete
542,Şefa Guvernului din Islanda a demisionat. Katrin Jakobsdottir are vis de mărire,Furie
543,"Gorghiu, despre legea pentru înfiinţarea Registrului traficanţilor de droguri: Era necesară",Frica
544,"Ciolacu, despre femeia care va deschide lista la europarlamentare: Să nu fi fost membră de partid",Neutru
545,Borrell: Evoluţia războiului din Ucraina va fi decisă în această primăvară şi vară,Frica
546,Ciolacu promite că Guvernul aprobă joi în şedinţă măsuri convenite cu transportatorii şi fermierii,Frica
547,Ministrul Agriculturii aşteaptă lista de revendicări de la fermierii protestatari până vineri,Neutru
548,"Budăi: Mă bucur că liberalii au ieşit din logica anului 2010, când vedeau doar tăieri de pensii",Neutru
549,Duelul de la graniţă: Biden şi Trump se confruntă la frontiera SUA-Mexic,Bucurie
550,"Se rupe coaliţia? Răspunsul purtătorul de cuvânt al PNL, Ionuţ Stroe",Neutru
551,Olanda îi cere Iranului să nu atace Israelul,Furie
552,Trump îşi întreabă urmăritorii într-o postare dacă seamănă cu Elvis,Bucurie
553,"Ciolacu, despre comasarea alegerilor. Mai stăm de vorbă vineri pe acest subiect",Bucurie
554,Ion Cristoiu: Candidatura lui Piedone la Primăria Capitalei e justificarea scoaterii din joc a Gabrielei Firea. Cătălin Cârstoiu e candidatul coaliţiei de acum o lună şi are avantaje uriaşe,Bucurie
555,"Surse/Ciucă, despre proteste: În Coaliţie s-a încercat să se arate aşa-zisa neimplicare a noastră",Furie
556,Comisia Europeană invită fermierii la un sondaj pentru a înţelege motivele lor de îngrijorare,Frica
557,"Rareş Bogdan: Nu s-a pus problema retragerii medicului Cîrstoiu. Dacă suntem serioşi, îl susţinem",Neutru
558,"Ciolacu: România, ca stat aflat în proximitate, resimte din plin şocul conflictului din Ucraina",Frica
559,"Ministrul chinez de Externe: cooperarea China-SUA „nu mai este opţională, ci imperativă”",Frica
560,"Managerul Spitalului Universitar, Cătălin Cârstoiu, principala opţiune de candidat PSD-PNL - surse",Tristete
561,Ciolacu: Marea Neagră este centrul de gravitaţie al agresiunii Rusiei împotriva Ucrainei,Bucurie
562,Eşec electoral pentru Meloni. O rivală ar fi câştigat alegerile din Sardinia,Bucurie
563,"Adrian Sârbu: Niciun ales sau numit pe funcţie publică în România nu dă un raport anual asupra executării mandatului. Parlamentul nu controlează Executivul şi serviciile, el se subordonează lor. Votul electronic şi uninominal este o premisă pentru exercitarea controlului fiecărui cetăţean asupra puterii politice",Frica
564,PNL a aprobat alianţa electorală PNL-PSD pentru alegerile europarlamentare,Bucurie
565,Doi miniştri ai Guvernului Ciolacu au fost chemaţi în faţa Parlamentului de senatorii opoziţiei,Frica
566,Antony Blinken va face încă o călătorie în Orientul Mijlociu,Furie
567,"Dan Mihalache: „Dacă au minte în cap, da. Îşi pun candidat comun şi la Primăria Generală şi la Preşedinţie”",Tristete
568,USR avertizează asupra renunţării la confiscarea vehiculelor care transportă ilegal lemne,Furie
569,Odobescu: România va fi în continuare alături de Republica Moldova pentru integrarea în UE,Frica
570,"Ambasadorul Rusiei la Bucureşti, convocat la MAE",Frica
571,"Grindeanu, despre podul de la Brăila: Nu facem recepţia până nu sunt înlăturate neconformităţile",Bucurie
572,Liderii ţărilor din Balcanii de Vest s-au întâlnit la Skopje pentru a vorbi despre integrarea în UE,Tristete
573,Reacţii MAE şi MApN: Suntem profund îngrijoraţi de situaţia de securitate din Orientul Mijlociu,Furie
574,Propunere de prelungire a acordurilor cu Ucraina şi Moldova privind transportul rutier,Frica
575,Consultări între premierul Marcel Ciolacu şi primarii municipiilor din România,Tristete
576,Premierul israelian ar putea fi invitat să se adreseze Parlamentului SUA,Furie
577,"Ciucă, la Iaşi: O structură dezbinată nu va putea niciodată să obţină rezultate mari",Tristete
578,Grindeanu: La 1 februarie începe proiectarea Secţiunii 3 a Autostrăzii A8 Leghin-Târgu Neamţ,Frica
579,"Consilier PNL, acuzat că a jignit-o şi a ameninţat-o pe Teodora Desagă, consilier PMP",Bucurie
580,"Primarul general, Nicuşor Dan, i-a retras atribuţiile viceprimarului Stelian Bujduveanu (PNL) - surse",Furie
581,SUA şi Japonia îndeamnă să nu se amplaseze arme nucleare în spaţiu. Vizată e Rusia,Frica
582,Ron DeSantis se retrage din cursa pentru Casa Albă şi îl susţine pe Donald Trump,Tristete
583,Şedinţă CSAT azi: Evoluţia securităţii la Marea Neagră în contextul războiului din Ucraina,Bucurie
584,"Sesizare la ANI împotriva şefului DNA, Marius Voineag",Bucurie
585,"Senatoarea Diana Şoşoacă, pedepsită dublu: a fost amendată şi pentru scandalul pe care l-a făcut cu poliţiştii",Tristete
586,"Trump şi admiraţia lui pentru Hitler, dezvăluită într-o carte: are o slăbiciune pentru dictatori",Neutru
587,Grindeanu: Până la sfârşitul anului am putea circula pe autostradă de la Focşani la Buzău,Tristete
588,"Ce se întâmplă cu cele 2,7 miliarde din PNRR? Adrian Câciu dă asigurări: Cererea de plată 3 nu este blocată",Bucurie
589,"Specialişti din diverse domenii critică ""legea păcănelelor"" pentru potenţialele sale consecinţe negative",Frica
590,"FDGR îi retrage sprijinul politic viceprimarului Sibiului, după înscrierea în PSD",Tristete
591,Secretar de stat la Transporturi: Zeci de noi noduri rutiere vor fi construite pe autostrăzi,Neutru
592,"Lege nouă în Rusia: Critici armata rusă, Putin îţi confiscă bunurile",Frica
593,Greblă anunţă începerea pregătirilor pentru alegeri: trebuie să fie organizate impecabil din punct de vedere tehnic,Bucurie
594,"Mihai Tudose, ironii la adresa lui Rareş Bogdan: Oja galbenă peste unghiile negre",Bucurie
595,"Fuziunea dintre Elcen şi Termoenergetica, aprobată prin memorandum de Guvern",Bucurie
596,Mureşan (PNL): George Simion s-a întâlnit cu Liviu Dragnea al Poloniei,Furie
597,"Adrian Sârbu: Ghinion! Puterea nu e a cetăţenilor, ci a preşedintelui şi serviciilor secrete care s-au infiltrat în toată societatea",Furie
598,România este pe lista ţărilor ce au cheltuit bani la hotelurile VIP ale lui Trump. Datele se suprapun cu vizita lui Iohannis în SUA,Bucurie
599,A ieşit fum negru. Liderii coaliţiei nu s-au înţeles în privinţa comasării alegerilor,Tristete
600,"Regele, văzut la serviciu pentru prima dată de la diagnosticul de cancer",Tristete
601,"Guran (PNL): Pentru liniştea din coaliţie, PSD trebuie să vină acum cu măsuri urgente",Frica
602,Tamás Sulyok a fost desemnat noul preşedinte al Ungariei / Iohannis îi transmite felicitări,Neutru
603,"Nicuşor Dan, despre consolidarea clăridilor cu risc seismic: Suntem departe",Furie
604,Iohannis despre candidatul la Primăria Capitalei: Coaliţia a făcut paşi buni. A găsit un candidat bun,Neutru
605,Pistol: Mi-aş dori ca la finalul anului să putem circula pe A7 de la Ploieşti la Pietroasele,Neutru
606,Horaţiu Suciu a demisionat din PNL şi anunţă că va candida independent la Primăria Tg. Mureş,Furie
607,Conservatorii au câştigat alegerile în Portugalia. Extrema dreaptă a avut cea mai mare creştere,Furie
608,"Rafila, despre situaţia de la spitalul Sf. Pantelimon: Astfel de sesizări nu putem decât să le investigăm",Furie
609,Un fost deputat PNL a fost numit ambasador al României în Japonia,Frica
610,PSD cere explicaţii Poştei Române şi Casei de Pensii cu privire la distribuirea de materiale de propagandă pentru PNL,Furie
611,"Dispute între liderii PNL și PSD în Timiș, Brașov, Bacău și două sectoare din București. Alin Nica: ”Ar fi o blasfemie”",Neutru
612,Ciolacu și Ciucă au bătut palma în privința comasării alegerilor. Strategia PSD-PNL pentru europarlamentare,Neutru
613,"Iranul execută un presupus agent al Mossad, despre care susţine că ar avea legătură cu atacul de la o fabrică de muniţii",Tristete
614,"Cele 10 măsuri ale lui Klaus Iohannis, dacă ajunge șef al alianței militare: ”Trebuie să facem NATO mai puternică”",Frica
615,"Ministrul Finanţelor: Cota unică, cea mai bună alegere pentru România. Nu există niciun motiv pentru impozitare progresivă",Frica
616,Senatul s-a reunit în sesiune extraordinară pentru fermieri și transportatori. Ce modificări ar putea fi aduse,Tristete
617,"Sondaj INSCOP: 49,4% dintre români cred că alegerile din 2024 ar trebui organizate separat",Bucurie
618,"Piedone, despre angajarea la primărie a nepoţilor săi: Cu cine aţi vrea să lucrez, cu toţi trădătorii?",Bucurie
619,"Cioloș susține că Marcel Ciolacu poate ajunge președinte al Consiliului European, ”dacă învaţă repede engleză, până în vară”",Frica
620,"„Războiul” sondajelor între Nicușor Dan și Piedone. Diferențele dintre rezultate, de câteva ori peste marjele de eroare",Tristete
621,Alegeri europarlamentare 2024. Lista UDMR este deschisă de eurodeputaţii Winkler Iuliu şi Vincze Lorant,Tristete
622,"Nicolae Ciucă: În momentul în care Republica Moldova va deveni membru cu drepturi depline al UE, atunci vom fi uniţi în UE",Tristete
623,Președintele Klaus Iohannis susține ideea PSD-PNL: „Ar fi o soluție că anumite alegeri să fie comasate”,Tristete
624,"VIDEO și FOTO. Cum s-a îmbrăcat Carmen Iohannis la slujba de Înviere din Sibiu, de Paștele catolic",Tristete
625,Marcel Ciolacu își schimbă buletinul după atacul cibernetic asupra site-ului Camerei Deputaților,Bucurie
626,Plângere penală pe numele lui Popescu Piedone. Primarul-candidat este acuzat că a comis ”o infracţiune de delapidare”,Furie
627,Decizie în dosarul în care Ciolacu se judeca cu statul al cărui premier este. Voia neapărat să fie numit revoluționar,Furie
628,"Liderul AUR, trimis la plimbare de fermierii blocaţi în Chiajna. „Lasă-ne protestul, Simion! Aţi venit să vă faceţi numărul”",Bucurie
629,Piedone anunță că va candida și la europarlamentare: Nu pui vagonul-restaurant în faţa locomotivei,Bucurie
630,"Marcel Ciolacu, către românii din Italia: ”Îmi cer scuze pentru că ați fost nevoiți să plecați”. ”Suntem o țară superbă”",Tristete
631,Ce cadouri a primit președintele Klaus Iohannis în turneele sale recente. Obiectele sunt evaluate la 7.600 de euro,Tristete
632,"Iohannis, despre candidatura la şefia NATO: „Nu intenționez să mă retrag. Consider că şansele mele sunt rezonabile”",Tristete
633,Alegeri europarlamentare și locale 2024. De ce nu vor partidele din opoziție comasarea alegerilor,Neutru
634,"Proiect: ”TikTok, un spațiu al teribilismului”. ”Suntem într-un război cibernetic”: Cum ar trebui să intre tinerii pe rețea",Furie
635,Sondaj INSCOP: Peste 50% dintre români spun că votează la toate tipurile de alegeri cu acelaşi partid,Furie
636,"Cel puțin 16 persoane au fost ucise în loviturile americane, spune Irakul. Securitatea în regiune este în pericol",Bucurie
637,"Nicuşor Dan, despre declaraţia premierului Ciolacu referitoare la faptul că nu l-a căutat niciodată: ”Este ireal”",Tristete
638,Propunere PNL: Pragul de impozitare al pensiilor ar putea crește la 3.000 lei. Câți bani ar putea primi în plus pensionarii,Furie
639,"Gabriela Firea spune că apartamentele în Bucureşti s-au scumpit cu minimum 30%, dar nu aduce dovezi în acest sens",Tristete
640,"Ministrul Florin Barbu, declarație controversată. Cum s-a sucit în privința demisiei comisarului european al Agriculturii",Tristete
641,"Ministrul Agriculturii, Florin Barbu: ”Eu nu cred că fermierii români vopsesc puii. Să fie foarte clar”",Neutru
642,Proxenet torturat și ars de viu de către iubitul prostituatei de 20 de ani pe care o exploata,Furie
643,A fost definitivată componența BEC pentru alegerile europarlamentare și locale. PMP și Forța Dreptei nu au reprezentanți,Frica
644,"Klaus Iohannis o va primi, marţi, pe Maia Sandu la Palatul Cotroceni",Neutru
645,Intrăm în Schengen terestru înainte de autostrada care să ne lege de Vest? Interviu cu comisarul Adina Vălean,Neutru
646,"Mesajul ironic al lui Victor Ponta, după ce România a câştigat procesul privind Roşia Montană: „Așa dă bine la foci”",Tristete
647,"George Simion, acuzații la adresa Rusiei: „Doar asta a făcut, mai ales în ultimii 30 de ani”",Furie
648,"Purtătorul de cuvânt al USR, despre o posibilă candidatură independentă a Elenei Lasconi: Totul e posibil. USR o s-o susțină",Bucurie
649,Liderii PPE încearcă să adopte la București un document esențial pentru România. Negocierea finală va avea loc joi,Bucurie
650,"Nicușor Dan, elogii aduse Dreptei: dezvoltare sustenabilă. Stânga - „jaf, coabitare cu mafia imobiliară”",Tristete
651,"Ce țări îl sprijină pe Klaus Iohannis, până acum, în cursa pentru șefia NATO. Situația din Ucraina este foarte importantă",Frica
652,"”România-NATO, 20 de ani”. Klaus Iohannis: Trebuie să intensificăm eforturile pentru a consolida rezerva de personal militar",Neutru
653,"Un nou scandal între Clotilde Armand și PSD-PNL. Edilul anunță că primăria se închide: ”Au luat banii, i-au dat la Catedrală”",Furie
654,Preşedintele Consiliului Naţional Secuiesc: Proiectul de statut al autonomiei Ţinutului Secuiesc trebuie înaintat din nou,Furie
655,PNL și PSD pun la cale o alianță electorală „care va da stabilitate României”. Ciolacu: „Așa e cel mai bine”,Furie
656,Comisia Europeană: Guvernul din România va rata și anul acesta ținta de deficit. Ciolacu: „Nu e o catastrofă”,Neutru
657,VIDEO. Premierul Ion Marcel Ciolacu a mers pentru a doua oară la muntele Athos. A fost însoțit de Marian Neacșu,Bucurie
658,Politicienii europeni promit să nu se folosească de inteligența artificială pentru dezinformare,Tristete
659,Piedone vede conspirații după ce ANI a descoperit că și-a angajat ginerele în Primăria Sectorului 5. ”Este extrem de suspect”,Bucurie
660,Klaus Iohannis a transmis ministrului Justiției cererile de urmărire penală față de Petre Roman și Gelu-Voican Voiculescu,Tristete
661,Parchetul de pe lângă Judecătoria Slobozia confirmă că a fost deschis un dosar penal pe numele lui George Simion,Furie
662,Premierul din Chișinău confirmă interdicția lui George Simion: ”Face parte din efortul de destabilizare în Republica Moldova”,Furie
663,"Drulă, după respingerea alianței Dreapta Unită: Cine eşti tu, Ciolacu, să ne opreşti? I s-a umflat capul de la putere",Tristete
664,"Replica ironică a lui Ciolacu, după ce Geoană a susținut că i-a propus să fie candidat susținut de PSD la prezidențiale",Tristete
665,"Traian Băsescu, noi dezvăluiri despre tezaurul aflat la ruși: ”Valoarea e mult mai mare”. Ce i-a spus Putin la Moscova",Furie
666,"Agenția de Integritate îl contrazice pe Piedone, în privința angajării nepoților: ”Noi nu dăm derogări”",Furie
667,"Anul viitor, Guvernul se mută în ”Casa Poporului”. Ce se întâmplă cu Palatul Victoriei",Bucurie
668,"Ciolacu, după întâlnirea cu Scholz: România mizează în continuare pe susţinerea Germaniei pentru aderarea totală la Schengen",Furie
669,"Mihai Tudose, întrebat cum este să fie pe acelaşi afiş cu Rareş Bogdan, despre care spunea că poartă chiloţii peste pantaloni",Furie
670,„Ziua plafonărilor”. Guvernul a aprobat prelungirea cu trei luni a plafonării tarifelor RCA,Neutru
671,Politicienii ar trebui să pregătească cetățenii României pentru economia de război - Interviu,Neutru
672,"Ciolacu respinge demagogia și populismul, dar după alegeri. A făcut promisiuni investitorilor străini",Neutru
673,"Senatorii au venit la muncă din vacanță, ca să adopte ordonanțele pentru transportatori și agricultori. Ce modificări se fac",Bucurie
674,"Cioloș, replică pentru Ciolacu, despre dosarul Roșia Montană: „Dacă ar exista un festival al minciunilor, PSD l-ar câștiga”",Tristete
675,Nicuşor Dan: Cel mai rău pentru un primar general e un primar de sector plângăcios,Bucurie
676,"Klaus Iohannis, în plenul PE: „Ţara mea este probabil unul dintre cele mai bune exemple ale puterii transformatoare a UE”",Furie
677,"Declarația de avere a lui Cătălin Cîrstoiu, candidatul PSD-PNL la Primăria Capitalei - 25 de conturi bancare și un Cadillac",Neutru
678,"Trei politicieni români, comparați de Ciolacu cu „Mirel din Turnu Măgurele”: „Cam ăsta e stilul”",Furie
679,Firea susține că are sprijinul femeilor din organizația PSD București pentru candidatura la Primăria Capitalei și atacă PNL,Frica
680,Marcel Ciolacu: Klaus Iohannis va primi mandatul meu de prim-minstru dacă partenerii de coaliție se retrag de la guvernare,Furie
681,"Cristian Tudor Popescu, despre președintele PNL Nicolae Ciucă: ”E mai degrabă analfabet”",Tristete
682,"Coaliția vrea un candidat unic pentru Primăria Capitalei. Pe margine se „încălzesc” Firea, Burduja și medicul Cîrstoiu",Neutru
683,"Conflicte la primării în apropierea campaniei. La Capitală bugetul e tot blocat, la Sectorul 1 nu mai au femei de serviciu",Neutru
684,România are un susținător de seamă în drumul către Schengen. Statul care încearcă să convingă Austria să permită aderarea,Neutru
685,"Cătălin Predoiu, despre aderarea României la spaţiul Schengen maritim şi terestru: „Procesul este ireversibil”",Furie
686,Cum și-a făcut Viktor Orban selfie cu Marcel Ciolacu GALERIE FOTO,Frica
687,"Nicuşor Dan, despre protestul fermierilor: „Este un drept al lor”",Tristete
688,"Comisia Europeană şi Comisia de la Veneţia, sesizate cu privire la comasarea alegerilor europarlamentare şi locale",Bucurie
689,UE apelează la o vedetă pop pentru a mobiliza tinerii să iasă la vot,Frica
690,Klaus Iohannis o susține pe Ursula von der Leyen în cursa pentru un nou mandat în fruntea Comisiei Europene,Neutru
691,Bogdan Aurescu a devenit judecător al Curții Internaționale de Justiție de la Haga. Primul dosar care îi va cădea pe mâini,Bucurie
692,"Klaus Iohannis va ține un discurs în Parlamentul European, primul după 6 ani. Președintele român, scenariu pentru șefia CE",Neutru
693,SURSE: PNL a votat cu o majoritate largă comasarea alegerilor şi listele comune cu PSD la europarlamentare,Frica
694,"Ministerul Agriculturii: Protestele au început de la RCA, dar tariful la utilajele agricole este la fel ca anul trecut",Frica
695,"Șansele președintelui Iohannis să ajungă secretar general NATO, văzute de un senator „pe-se-de”, fost ministru al apărării",Furie
696,"Calendarul posibil al alegerilor din 2024. Președintele, primarii și parlamentarii termină mandatul în același an",Furie
697,"Marcel Ciolacu, promisiune pentru social-democrați: ""Dacă PSD nu câștigă toate rândurile de alegeri, plec acasă""",Furie
698,"Alegeri locale 2024. Partidul AUR a validat mai multe candidaturi. Actorul Mugur Mihăescu este, oficial, candidat",Frica
699,"Cancelarul Austriei, Karl Nehammer, vine la București, la congresul PPE. Surse: Se întâlnește cu Klaus Iohannis la Cotroceni",Furie
700,Gafă la Guvern: Vom fi gazdele unei delegații din care face parte și guvernatorul Băncii Naționale din Coreea de Nord | VIDEO,Frica
701,Surse. Numele vehiculate de liderii PSD și PNL pentru europarlamentare. Cine ar putea fi ”independentul” din lista comună,Tristete
702,"Dan Ilie Morega s-a ales cu un nou dosar penal. A agresat o jurnalistă, a jignit un cameraman și a amenințat jurnaliști",Furie
703,"Şeful APIA, Ionuţ Lupu, a fost demis. A refuzat plata subvenţiei pentru firmele apropiate familiei lui Paul Stănescu",Neutru
704,Președintele Klaus Iohannis se întâlnește la Cotroceni cu premierul Viktor Orban și alți lideri europeni. Ce se va discuta,Tristete
705,Alegeri europarlamentare 2024. Când începe campania electorală și ce obligații au televiziunile și radiourile,Bucurie
706,USR susține că PSD şi PNL se pregătesc să renunţe la măsura confiscării vehiculelor care transportă ilegal lemne,Furie
707,Numele candidaților la Primăria Capitalei care au dat peste cap planul Coaliției. Cu cine nu au fost de acord PSD și PNL,Frica
708,România trimite soldați să lupte cu rebelii Houthi. Klaus Iohannis cere aprobare în acest sens de la Parlament,Frica
709,Marcel Ciolacu: Nu am avut nicio informaţie oficială cu privire la rezultatul procesului Roşia Montană,Bucurie
710,"VIDEO. Piedone, la Măruță, în 2023: ”Și beat și treaz, nu candidez la Primăria Capitalei. Punct. Așa să-mi ajute Dumnezeu”",Neutru
711,Fără „Taxa pe boală”. PNL și USR vor să elimine din legea dată de PNL și PSD impozitarea concediilor medicale cu 10%,Furie
712,Klaus Iohannis: Incertitudinea cu privire la sfârșitul războiului din Ucraina persistă. Europa trebuie să rămână unită,Furie
713,"Băsescu susține reintroducerea stagiului militar obligatoriu: Până se mobilizează NATO, trebuie să ai o armată ca să rezişti",Frica
714,"Candidaturi comune PSD-PNL la Primăria Generală, primăriile de sectoare, dar şi CGMB şi consiliile locale de sectoare",Frica
715,"Plângere penală împotriva judecătoarei CCR Mihaela Ciochină, pentru că ar fi negociat la Cotroceni comasarea alegerilor",Frica
716,Băsescu: „Rutte dispreţuieşte România. Iohannis are obligaţia să se bată ca acest individ să nu devină secretar general NATO”,Neutru
717,Guvernul vrea să își facă departament de pompe funebre pentru funeraliile de stat,Tristete
718,Hackerii care au spart baza de date a Camerei Deputaților cer o răscumpărare de 40.000 de euro: Avem 250.000 MB de documente,Tristete
719,Bogdan Aurescu a fost eliberat din funcţia de consilier al președintelui Klaus Iohannis,Tristete
720,USR: Ministrul Barbu se face că verifică șmecheria pe care parlamentarul Barbu a făcut-o pentru familia lui Paul Stănescu,Neutru
721,"Care sunt șansele ca Iohannis să preia șefia Consiliului European, iar Ciucă să ajungă la Cotroceni",Furie
722,"Dacian Cioloș îl acuză pe Marcel Ciolacu că a distribuit știri false în cazul Roșia Montană. ""PSD a vrut să ne vândă istoria""",Neutru
723,"George Simion, interzis în Republica Moldova pentru încă 5 ani. Reacția liderului AUR",Bucurie
724,Papa Francisc l-a primit în audiență pe prim-ministrul României. Ce cadou i-a făcut suveranul,Tristete
725,"Marcel Ciolacu: „Nu o să aibă nimeni pistol la ANAF. Tragi după camioane, eşti John Wayne?”",Bucurie
726,"Vasile Dîncu, despre Marcel Ciolacu: În acest moment este regina noastră de pe tabla de şah",Neutru
727,"Scandalul ”pliante politice prin Poșta Română”. PSD Timiș va depune plângere penală pe numele liderului PNL Timiș, Alin Nica",Tristete
728,Guvernul a aprobat o nouă măsură pentru combaterea traficului cu stupefiante. Ciolacu: ”Sunt așa-numitele droguri sintetice”,Tristete
729,Diana Şoşoacă: Mă gândesc foarte serios să candidez la primăria Iaşiului. Cred că voi candida,Furie
730,"Scandal la PNL, din cauza alianței cu PSD. Alin Nica a fost demis din funcția de președinte al organizației Timiș",Neutru
731,"USR, PMP şi Forţa Dreptei au anunţat lista comună pentru europarlamentare. Pe cine vor să trimită la Bruxelles",Tristete
732,"România a cheltuit mai puțin de 2 % din PIB pentru apărare, deși a promis 2,5. Iohannis: Nu e bine să avem abordări contabile",Frica
733,Alegeri locale 2024. Deputatul Stelian Ion a fost desemnat candidatul USR pentru Primăria Constanţa,Tristete
734,"VIDEO. Robert Negoiță s-a enervat după ce a fost întrebat de ce l-a lăudat pe Piedone, în loc să-l susțină pe Cîrstoiu",Furie
735,"Ministrul Finanţelor, Marcel Boloş: Toate alegerile din acest an ar costa aproximativ 3,8 miliarde de lei",Frica
736,E oficial: 50 de militari ucraineni vor veni în România. Ce vor face la noi în țară,Tristete
737,"ANALIZĂ. Ce șanse are Klaus Iohannis să ajungă șeful NATO, deși marile puteri au anunțat că-l susțin pe olandezul Mark Rutte",Bucurie
738,"Diana Şoşoacă şi-a suspendat soţul din funcţia de prim-vicepreşedinte al SOS, ”pentru a putea salva sufletul unui om”",Frica
739,Vești bune de la Ambasada României la Washington: rata de respingere a vizelor e în scădere accelerată,Bucurie
740,"PNL, după ce Geoană a spus că a câștigat singur funcția NATO: De la Dăbuleni până la NATO, toți oamenii au muncit pentru el",Furie
741,"SURSE: Nici PSD, nici PNL nu îl vor susține pe Piedone la Primăria Capitalei. Care ar putea fi candidații celor două partide",Furie
742,Preşedintele Klaus Iohannis a promulgat legea care interzice vânzarea băuturilor energizante către minori,Frica
743,Guvernul se întrunește în prima sa ședință din anul 2024. Ce se află pe ordinea de zi,Bucurie
744,Ce spun analiștii despre scenariul cu Iohannis președintele Consiliului European. „Ar sugera negocieri destul de înaintate”,Frica
745,"Un ”Dorel” ar fi de vină pentru atacul cibernetic de la Camera Deputaților, în care i s-a furat ”buletinul” lui Ciolacu",Tristete
746,"Candidații se vor putea înscrie, simultan, în cursa pentru europarlamentare și locale. Care este programul secțiilor de vot",Frica
747,"Nicolae Ciucă, despre comasarea alegerilor: Mizez pe raţiunea tuturor, astfel încât să avem o soluţie",Frica
748,Memorandum pentru ocuparea a peste 2.200 de posturi în sănătate. Ce personal se caută pentru spitale,Tristete
749,Klaus Iohannis participă la reuniunea de la Paris organizată de Emmanuel Macron privind sprijinul acordat Ucrainei,Bucurie
750,"AUR, un nou scandal în Parlament. George Simion și Alfred Simonis s-au războit la ușa PSD: „Ai mințit cum minte și Marcel”",Neutru
751,Ciolacu: PSD şi PNL nu îl susțin pe Piedone la Primăria Capitalei. Vom avea candidaţii noştri sau candidatul nostru comun,Neutru
752,"Nicuşor Dan, după ce Robert Negoiţă a depus plângere penală împotriva sa: E un om foarte curajos, îl felicit",Bucurie
753,Guvernul Ciolacu a adoptat o ordonanță de urgență prin care elimină „taxa pe boală” pentru anumite categorii de populație,Tristete
754,"Fostul președinte CCR despre comasarea alegerilor: ”Se poate face, dar numai încălcând legea”",Furie
755,"Nicușor Dan, învins în sondajul comandat chiar de el. Piedone ar câştiga alegerile pentru Primăria Capitalei",Bucurie
756,Surse: Rareș Bogdan și Mihai Tudose negociază retragerea lor din Parlamentul European. Vor funcții în viitorul Guvern PSD-PNL,Furie
757,"Nicuşor Dan anunță că nu revine în USR: ""La aceste alegeri rămân independent"". Ce vrea să facă dacă nu va fi reales",Frica
758,Marcel Ciolacu s-a dus cu cadouri la Papa Francisc și la Meloni. Produsele tradiționale pe care le oferă premierul României,Furie
759,Klaus Iohannis: România este ferm dedicată procesului de permanentă adaptare al NATO,Furie
760,Klaus Iohannis: „România condamnă în cei mai fermi termeni atacul Iranului împotriva Israelului”,Neutru
761,Lista PSD-PNL pentru alegerile europarlamentare. Surse: Cum arată cea mai nouă listă propusă,Furie
762,"AUR, plângere penală pe numele lui Klaus Iohannis, pentru că ”a secretizat” informațiile privind cheltuielile în străinătate",Neutru
763,Robert Negoiţă a depus la Parchetul General plângere împotriva lui Nicuşor Dan. Îl acuză de abuz în serviciu,Neutru
764,PSD și PNL vor comasarea alegerilor europarlamentare cu cele locale. Ciolacu vrea și candidat unic PSD la Cotroceni,Frica
765,"Bucureşti - Podul Grant, redeschis traficului rutier pe sensul Crângaşi-Turda. Nicuşor Dan anunţă noi lucrări de reabilitare",Frica
766,"„Ne apărăm, îndurăm, spiritul nostru nu renunță”, spune Zelenski în mesajul de Paște",Tristete
767,Lege în dezbatere: Foştii membri ai regimului comunist ori colaboratori nu vor mai avea voie să candideze la funcţii publice,Tristete
768,Senatorii și deputații s-au întors la lucru. Care sunt prioritățile noii sesiuni parlamentare,Tristete
769,Românii din Spania vor avea dublă cetățenie. ”Am stabilit ultimele detalii”,Tristete
770,"Ministrul Finanţelor, întrebat cât i-a venit factura la curent: „Nu ştiu de ce a fost o factură destul de mare”",Neutru
771,"Protest AUR la congresul PPE din București. Simion: Dușmanii României, Ursula von der Leyen, și ”cancerul” austriac Nehammer",Tristete
772,Aliații PSD-PNL anunță candidatul comun la Primăria Capitalei cu 3 luni înainte de alegeri. Cine e în cărți: ”E o nebunie”,Tristete
773,"Liderii PSD și PNL, Marcel Ciolacu și Nicolae Ciucă, așteptați la Iași de Ziua Unirii. Anul trecut au fost huiduiți",Tristete
774,Ciolacu: Deblocăm angajările pentru aproape 8.000 de posturi în Sănătate şi Asistenţă Socială,Neutru
775,"Emil Boc, anunț oficial pe Facebook despre candidatura la Primăria Cluj: ”Nu mi-a fost ușor să iau această decizie”",Furie
776,Politicienii români sunt sub lumina reflectoarelor anul acesta. Alegerile locale din 2024 seamănă cu un concurs de talente,Bucurie
777,Guvernul aprobă un proiect de ordonanţă de urgenţă privind modificarea anumitor măsuri fiscal-bugetare,Tristete
778,Marcel Ciolacu: Eu cred că o să avem un candidat comun PSD - PNL pentru Primăria Capitalei,Furie
779,Surse News.ro: Dacian Cioloş ar putea deschide lista REPER la europarlamentare. Tensiuni între D. Pîslaru și R. Strugariu,Furie
780,"VIDEO cu cancelarul austriac, Karl Nehammer, în România. Cum l-a primit Klaus Iohannis la Cotroceni",Tristete
781,Iohannis l-a primit pe Mitsotakis. Ce i-a spus premierul Greciei după ce a fost martorul unui atac rusesc în Odesa | FOTO,Frica
782,"Rareş Bogdan, întrebat despre o posibilă candidatură a lui Mircea Geoană la alegerile prezidenţiale din partea PNL: Exclus!",Tristete
783,"Senatul a eliminat ”taxa pe boală”, inventată de ministrul Marcel Boloș: ”A fost o eroare!”",Furie
784,"Cum a stat Ciolacu la șpriț cu Brătianu, la Vaslui. Unde a petrecut premierul",Neutru
785,Președinta Parlamentului European: ”Prietenii numeroși vă vor ajuta să ajungeți în Schengen”,Furie
786,"Președintele Camerei Deputaților, Alfred Simonis, deranjat de cei de la AUR: ”Ce s-a întâmplat ieri a fost fără precedent”",Furie
787,"Klaus Iohannis, fără concediu oficial în cei 9 ani de când este președinte. ""Se află în permanență în exercitarea mandatului""",Bucurie
788,Guvernul a aprobat Strategia Națională de Educație Financiară 2024-2030. Copiii vor învăța la școală despre bani,Bucurie
789,Alegeri locale 2024. Când începe și când se termină campania electorală,Tristete
790,"Liderul politic care îl provoacă pe George Simion să candideze împotriva lui. ”Cine pierde, iese din politică”",Frica
791,"Surse: Primarul Sectorului 4, Daniel Băluță, ar putea susținut de PSD și PNL pentru a candida la Primăria Capitalei",Frica
792,"Adrian Cioroianu, întrebat dacă are de gând să îşi dea demisia de la Biblioteca Națională: ”Nu”",Bucurie
793,Dacian Cioloș îi cere demisia lui Marcel Ciolacu: Declarațiile lui în cazul Roșia Montană au pus în pericol statul român,Furie
794,"Coaliţia decide candidatul la Capitală. Surse: Ar putea fi susținut medicul Cătălin Cîrstoiu, finul lui Traian Băsescu",Frica
795,Ion Iliescu a împlinit 94 de ani. Interviu inedit: ”Nu am vrut ca România să fie experimentul nord-coreean al lui Ceaușescu”,Tristete
796,"Maia Sandu: Moldova este într-un moment cheie, în care trebuie să facă pasul hotărât către UE",Tristete
797,"Klaus Iohannis, după victoria din cazul Roșia Montană: România câștigă procesul, reușind să protejeze patrimoniul național",Bucurie
798,Câți bani publici au încasat partidele parlamentare în 2023 și cât au cheltuit pe propaganda politică,Tristete
799,"Gabriela Firea, realeasă în unanimitate președinta PSD București. ”Mi-am pansat rănile, cicatricile le-am ascuns sub ie”",Furie
800,"Sebastian Burduja, candidat comun PNL-PSD, „în cărți” pentru Primăria Capitalei. „Este un măr otrăvit""",Furie
801,"Deși mai sunt două luni până la alegeri, parlamentarii și-au luat deja liber",Tristete
802,Noi negocieri cu transportatorii și fermierii. Guvernul transmite calendarul discuţiilor cu reprezentanții protestatarilor,Tristete
803,"Revoltă la PNL Timiș. Președintele CJ, Alin Nica: Mai bine îmi tai o mână decât să semnez o candidatură a domnului Simonis",Furie
804,Klaus Iohannis a promulgat legea. Ce pățesc de acum înainte cei care pângăresc drapelul României,Frica
805,"Viorica Dăncilă, despre ordonanța PSD privind amnistia și grațierea: ”Nu mi-a cerut Dragnea, inclusiv Ciolacu a votat-o”",Bucurie
806,"Ciolacu îl laudă și îl critică pe Piedone în aceeași frază: E o victimă. După ce trece fumul de la grătare, ce rămâne?",Bucurie
807,Guvernul a aprobat desființarea a zeci de posturi din ministerele Familiei și Digitalizării,Neutru
808,Blocaj în coaliţie pe comasarea alegerilor. PSD și PNL nu s-au înțeles la negocieri. Alegerile ar urma să aibă loc la termen,Furie
809,Se încheie prima etapă a cursei pentru alegerile europarlamentare. Cei de la PNL și PSD au depus primii semnăturile,Furie
810,"REPER acuză USR de plagiat, pentru o iniţiativă legislativă care copiază un proiect: „Au fost prinşi cu mâţa-n sac”",Neutru
811,"Marcel Ciolacu a răbufnit la Satu Mare: „Mă, măgarilor, oamenii ăia au construit România!”",Bucurie
812,"Scenariu surpriză. Iohannis ar putea pleca de la Cotroceni mai repede, iar Nicolae Ciucă ar prelua mandatul de președinte",Bucurie
